Party,Name,Constituency,ConstituencyVote,Constituency.,Vote1,Vote2,Vote3,Vote4,Vote5,Vote6,Vote7,Vote8,ConstituencyPercent,LeavePercent,SecondVote1,SecondVote2,SecondVote3,SecondVote4,PartyGroup,BetterLeavePercent
Lab,Stephen Kinnock,Aberavon,Leave,60,For,Abstain,For,For,Abstain,Against,Against,For,60,60,For,For,For,Abstain,Lab,0.5996545077
Con,Guto Bebb,Aberconwy,Leave,53,For,For,Against,Against,For,Against,Against,For,53,53,Against,For,For,For,Con,0.5338379841
SNP,Kirsty Blackman,Aberdeen North,Remain,57,Abstain,For,Abstain,Abstain,For,Against,Against,Against,57,43,Abstain,For,For,For,Other,0.4309975547
Con,Ross Thomson,Aberdeen South,Remain,68,Against,Against,Against,Against,Against,For,For,Against,68,32,Against,Against,Against,Against,Con,0.3232565417
SNP,Neil Gray,Airdrie and Shotts,Remain,60,Abstain,For,Abstain,Abstain,For,Against,Against,Against,60,40,Abstain,For,For,For,Other,0.4005130754
Con,Leo Docherty,Aldershot,Leave,58,Abstain,Abstain,Abstain,Abstain,Abstain,Abstain,Abstain,Abstain,58,58,Against,Against,Against,Against,Con,0.5789776574
Con,Wendy Morton,Aldridge Brownhills,Leave,68,Against,Against,Against,Against,Against,For,Against,Against,68,68,Against,Against,Against,Against,Con,0.6779634958
Con,Sir Graham Brady,Altrincham and Sale West,Remain,62,Against,Against,Against,Against,Against,Against,Against,Against,62,38,Against,Against,Against,Against,Con,0.3846870964
Lab,Mark Tami,Alyn and Deeside,Leave,58,For,For,For,Abstain,Abstain,Against,Against,Abstain,58,58,For,For,For,Abstain,Lab,0.5774788291
Con,Nigel Mills,Amber Valley,Leave,65,Against,Against,Against,Against,Against,For,For,Against,65,65,Against,Against,Against,Against,Con,0.6533921445
Con,Kirstene Hair,Angus,Remain,52,Against,Against,Against,Against,Against,Abstain,Abstain,Against,52,48,Against,Against,Against,Against,Con,0.4813276871
PC,Hywel Williams,Arfon,Remain,65,Abstain,For,Abstain,For,For,Against,Against,Abstain,65,35,Abstain,For,For,For,Other,0.3490749007
SNP,Brendan O'Hara,Argyll and Bute,Remain,61,Abstain,For,Abstain,Abstain,For,Against,Against,Against,61,39,Abstain,For,For,For,Other,0.3943239691
Con,Nick Herbert,Arundel and South Downs,Leave,51,For,Against,Against,For,Against,Against,Against,For,51,51,For,Against,For,Against,Con,0.5068538363
Lab,Gloria De Piero,Ashfield,Leave,71,For,Abstain,For,For,Abstain,Against,Against,Abstain,71,71,For,Abstain,For,Abstain,Lab,0.7057585002
Con,Damian Green,Ashford,Leave,60,For,Against,Against,Against,Against,Against,Abstain,For,60,60,For,Against,Against,Against,Con,0.596788819
Lab,Angela Rayner,Ashton under Lyne,Leave,62,For,For,For,For,Abstain,Against,Against,Abstain,62,62,For,For,For,Abstain,Lab,0.6180980255
Con,David Lidington,Aylesbury,Leave,52,Abstain,Abstain,Abstain,Abstain,Abstain,Abstain,Abstain,Abstain,52,52,Abstain,Abstain,Abstain,Abstain,Con,0.5210161337
Con,Bill Grant,Ayr Carrick and Cumnock,Remain,57,Against,Against,Against,Against,Against,Against,Against,For,57,43,Against,Against,For,Against,Con,0.4298681805
Con,Victoria Prentis,Banbury,Leave,51,Against,Against,Against,Abstain,Against,Against,Against,For,51,51,For,Against,Abstain,Against,Con,0.5053589533
Con,David Duguid,Banff and Buchan,Leave,54,Against,Against,Against,Against,Against,Against,Against,For,54,54,Against,Against,Against,Against,Con,0.5401840179
Lab,Dame Margaret Hodge,Barking,Leave,60,For,For,For,Abstain,For,Against,Against,Against,60,60,For,For,Abstain,For,Lab,0.6033002338
Lab,Dan Jarvis,Barnsley Central,Leave,68,For,Against,For,For,Abstain,Against,Against,Abstain,68,68,For,Against,For,Abstain,Lab,0.6837815879
Lab,Stephanie Peacock,Barnsley East,Leave,71,For,Against,For,For,Abstain,Against,Against,Abstain,71,71,For,Against,For,Abstain,Lab,0.7077794137
Ind,John Woodcock,Barrow and Furness,Leave,57,Abstain,For,Against,Abstain,For,Against,Against,Against,57,57,Abstain,For,Abstain,For,Other,0.5678741119
Con,John Baron,Basildon and Billericay,Leave,67,Against,Against,Against,Against,Against,For,Abstain,Against,67,67,Against,Against,Against,Against,Con,0.669165671
Con,Maria Miller,Basingstoke,Leave,54,Against,Against,Against,Against,Against,For,For,Against,54,54,Against,Against,Against,Against,Con,0.5364191295
Lab,John Mann,Bassetlaw,Leave,68,Against,Against,For,Against,Against,Against,Against,Against,68,68,Against,Against,Against,Against,Lab,0.6832485971
LD,Wera Hobhouse,Bath,Remain,68,Against,For,Against,Against,For,Against,Against,Against,68,32,Against,For,Against,For,Other,0.3169279409
Lab,Tracy Brabin,Batley and Spen,Leave,60,For,Abstain,For,For,Abstain,Against,Against,Abstain,60,60,For,For,For,Abstain,Lab,0.6035245428
Lab,Marsha De Cordova,Battersea,Remain,77,For,For,For,Abstain,For,Against,Against,Against,77,23,For,For,For,For,Lab,0.2303755679
Con,Dominic Grieve,Beaconsfield,Remain,51,Abstain,For,Against,Abstain,For,Against,Against,Against,51,49,Abstain,For,Abstain,For,Con,0.4929742327
Con,Bob Stewart,Beckenham,Remain,52,Against,Against,Against,Against,Against,For,For,Against,52,48,Against,Against,Against,Against,Con,0.4838170491
Lab,Mohammad Yasin,Bedford,Leave,52,For,For,For,For,For,Against,Against,Against,52,52,For,For,For,For,Lab,0.5194916653
Lab,Neil Coyle,Bermondsey and Old Southwark,Remain,73,For,For,For,Against,For,Against,Against,Against,73,27,For,For,For,For,Lab,0.2700401192
Con,Anne-Marie Trevelyan,Berwick upon Tweed,Leave,56,Against,Against,Against,Against,Against,For,For,Against,56,56,Against,Against,Against,Against,Con,0.5555173308
Con,John Lamont,Berwickshire Roxburgh and Selkirk,Remain,57,Against,Against,Against,Against,Against,Abstain,Abstain,Against,57,43,Against,Against,Against,Against,Con,0.4320071997
Lab,Rushanara Ali,Bethnal Green and Bow,Remain,69,For,For,For,For,For,Against,Against,Against,69,31,For,For,For,For,Lab,0.3093190508
Con,Graham Stuart,Beverley and Holderness,Leave,59,Against,Against,Against,Against,Against,For,For,Against,59,59,Against,Against,Against,Against,Con,0.5878960886
Con,Huw Merriman,Bexhill and Battle,Leave,58,Against,For,Against,Against,Against,For,Against,Against,58,58,Against,For,Against,Against,Con,0.5767643982
Con,Sir David Evennett,Bexleyheath and Crayford,Leave,65,Against,Against,Against,Against,Against,Abstain,Against,Against,65,65,Against,Against,Against,Against,Con,0.6504957583
Ind,Frank Field,Birkenhead,Leave,52,Against,Against,Against,Against,Against,Against,Against,Against,52,52,For,Against,Against,Against,Other,0.517076065
Lab,Preet Kaur Gill,Birmingham Edgbaston,Remain,53,For,For,For,Abstain,For,Against,Against,Abstain,53,47,For,For,For,For,Lab,0.4734707048
Lab,Jack Dromey,Birmingham Erdington,Leave,63,For,For,For,For,Abstain,Against,Against,Against,63,63,For,For,For,Abstain,Lab,0.6297289172
Lab,Roger Godsiff,Birmingham Hall Green,Remain,66,For,For,For,For,For,Against,Against,Against,66,34,For,For,For,For,Lab,0.3356875091
Lab,Liam Byrne,Birmingham Hodge Hill,Leave,51,For,For,For,For,Abstain,Against,Against,Abstain,51,51,For,For,For,Abstain,Lab,0.5148416727
Lab,Shabana Mahmood,Birmingham Ladywood,Remain,64,For,For,For,For,For,Against,Against,Against,64,36,For,For,For,For,Lab,0.3562267156
Lab,Richard Burden,Birmingham Northfield,Leave,62,For,For,For,For,Abstain,Against,Against,Against,62,62,For,For,For,For,Lab,0.617882451
Lab,Khalid Mahmood,Birmingham Perry Barr,Leave,51,For,For,For,For,Abstain,Against,Against,Abstain,51,51,For,For,For,Abstain,Lab,0.5121731706
Lab,Steve McCabe,Birmingham Selly Oak,Remain,53,For,For,For,For,Abstain,Against,Against,Abstain,53,47,For,For,For,For,Lab,0.4690743133
Lab,Jess Phillips,Birmingham Yardley,Leave,60,For,For,For,For,For,Against,Against,Against,60,60,For,For,For,For,Lab,0.6009480763
Lab,Helen Goodman,Bishop Auckland,Leave,61,For,For,For,For,Abstain,Against,Against,Against,61,61,For,For,For,For,Lab,0.6062241442
Lab,Kate Hollern,Blackburn,Leave,54,For,For,For,For,Abstain,Abstain,Abstain,Abstain,54,54,For,For,For,Abstain,Lab,0.5372925725
Lab,Graham Stringer,Blackley and Broughton,Leave,51,Against,Against,Abstain,Against,Against,Abstain,For,Against,51,51,Against,Against,Against,Against,Lab,0.5133290917
Con,Paul Maynard,Blackpool North and Cleveleys,Leave,67,Against,Against,Against,Against,Against,For,For,Against,67,67,Against,Against,Against,Against,Con,0.6685365381
Lab,Gordon Marsden,Blackpool South,Leave,68,For,For,For,For,Against,Against,Against,Against,68,68,For,For,For,Abstain,Lab,0.6780391362
Lab,Nick Smith,Blaenau Gwent,Leave,62,For,For,For,Abstain,Abstain,Against,Against,Abstain,62,62,For,For,For,Abstain,Lab,0.6202804437
Lab,Liz Twist,Blaydon,Leave,56,For,For,For,For,Abstain,Against,Against,Abstain,56,56,For,For,For,Abstain,Lab,0.5631875632
Lab,Ronnie Campbell,Blyth Valley,Leave,60,Against,Against,Against,Against,Against,For,Against,For,60,60,Against,Against,Against,Against,Lab,0.5988035794
Con,Nick Gibb,Bognor Regis and Littlehampton,Leave,64,Against,Against,Against,Abstain,Against,Abstain,Against,Abstain,64,64,Against,Against,Against,Against,Con,0.6422377605
Lab,Dennis Skinner,Bolsover,Leave,70,Against,Against,For,Against,Against,For,Against,For,70,70,For,For,Abstain,Abstain,Lab,0.7027221264
Lab,Sir David Crausby,Bolton North East,Leave,58,For,For,For,For,For,Against,Against,Against,58,58,For,For,For,Abstain,Lab,0.5776723522
Lab,Yasmin Qureshi,Bolton South East,Leave,63,For,For,For,For,Abstain,Against,Against,Abstain,63,63,For,For,For,Abstain,Lab,0.6342168192
Con,Chris Green,Bolton West,Leave,56,Against,Against,Against,Against,Against,For,For,Against,56,56,Against,Against,Against,Against,Con,0.5553871533
Lab,Peter Dowd,Bootle,Leave,55,For,For,For,For,Abstain,Against,Against,Abstain,55,55,For,For,For,Abstain,Lab,0.5487643903
Con,Matt Warman,Boston and Skegness,Leave,75,Against,Against,Against,Against,Against,For,Against,Against,75,75,Against,Against,Against,Against,Con,0.7496077813
Con,David Tredinnick,Bosworth,Leave,61,Against,Against,Against,For,Against,Against,Against,For,61,61,Against,Against,For,Against,Con,0.6079730392
Con,Tobias Ellwood,Bournemouth East,Leave,54,Abstain,Abstain,Abstain,Abstain,Abstain,Abstain,Abstain,Abstain,54,54,For,Against,Against,Against,Con,0.5350713031
Con,Conor Burns,Bournemouth West,Leave,58,Against,Against,Against,Against,Against,For,For,Against,58,58,Against,Against,Against,Against,Con,0.5789926072
Con,Phillip Lee,Bracknell,Leave,53,Against,For,Against,Against,For,Against,Against,Against,53,53,Against,For,Against,For,Con,0.5325104196
Lab,Imran Hussain,Bradford East,Leave,55,For,For,For,For,Abstain,Against,Against,Abstain,55,55,For,For,For,Abstain,Lab,0.5515782934
Lab,Judith Cummins,Bradford South,Leave,64,For,Abstain,For,Abstain,Abstain,Against,Against,Abstain,64,64,For,Abstain,For,Abstain,Lab,0.6356121775
Lab,Naz Shah,Bradford West,Remain,53,For,For,For,For,Abstain,Against,Against,Abstain,53,47,For,For,For,Abstain,Lab,0.4674085444
Con,James Cleverly,Braintree,Leave,61,Against,Against,Against,Against,Against,Abstain,Against,Against,61,61,Against,Against,Against,Against,Con,0.614274471
Con,Chris Davies,Brecon and Radnorshire,Leave,52,Against,Against,Against,Against,Against,For,For,For,52,52,Against,Against,Against,Against,Con,0.5172431786
Lab,Dawn Butler,Brent Central,Remain,57,For,For,For,Abstain,Abstain,Against,Against,Against,57,43,For,For,For,Abstain,Lab,0.4292455493
Lab,Barry Gardiner,Brent North,Remain,57,For,For,For,Abstain,Abstain,Against,Against,Abstain,57,43,For,For,For,Abstain,Lab,0.4309235831
Lab,Ruth Cadbury,Brentford and Isleworth,Remain,57,For,For,For,Against,For,Against,Against,Against,57,43,For,For,For,For,Lab,0.4330890315
Con,Alex Burghart,Brentwood and Ongar,Leave,61,Against,Against,Against,Against,Against,Abstain,Abstain,Against,61,61,Against,Against,Against,Against,Con,0.608936703
Lab,Madeleine Moon,Bridgend,Remain,50,For,For,For,Against,For,Against,Against,Against,50,50,For,For,Abstain,For,Lab,0.496508306
Con,Ian Liddell-Grainger,Bridgwater and West Somerset,Leave,62,Against,Against,Against,Against,Against,For,Against,Against,62,62,Against,Against,Against,Against,Con,0.6219046456
Con,Andrew Percy,Brigg and Goole,Leave,66,Against,Against,Against,For,Against,For,For,For,66,66,Against,Against,For,Against,Con,0.6620507891
Lab,Lloyd Russell-Moyle,Brighton Kemptown,Remain,57,For,For,For,Against,For,Against,Against,Against,57,43,For,For,For,For,Lab,0.4342993775
Grn,Caroline Lucas,Brighton Pavilion,Remain,74,Against,For,Against,Against,For,Against,Against,Against,74,26,Against,For,Against,For,Other,0.2567763142
Lab,Kerry McCarthy,Bristol East,Remain,53,For,For,For,Against,For,Against,Against,Against,53,47,For,For,Abstain,For,Lab,0.4679527183
Lab,Darren Jones,Bristol North West,Remain,61,For,For,For,Abstain,For,Against,Against,Against,61,39,For,For,Abstain,For,Lab,0.3885281199
Lab,Karin Smyth,Bristol South,Remain,52,For,For,For,For,For,Against,Against,Against,52,48,For,For,For,For,Lab,0.4795283789
Lab,Thangam Debbonaire,Bristol West,Remain,79,For,For,For,For,For,Against,Against,Abstain,79,21,For,For,For,For,Lab,0.2071150843
Con,Keith Simpson,Broadland,Leave,54,Against,Against,Against,Against,Against,Against,Against,Against,54,54,Against,Against,Against,Against,Con,0.5406077153
Con,Robert Neill,Bromley and Chislehurst,Remain,50,For,Against,Against,For,Against,Against,Against,For,50,50,For,Abstain,Abstain,Against,Con,0.4982886934
Con,Sajid Javid,Bromsgrove,Leave,55,Abstain,Abstain,Abstain,Abstain,Abstain,Abstain,Abstain,Abstain,55,55,Abstain,Abstain,Abstain,Abstain,Con,0.5536512794
Con,Charles Walker,Broxbourne,Leave,66,Against,Against,Against,Against,Against,Against,Against,Against,66,66,Against,Against,Against,Against,Con,0.6581793055
TIG,Anna Soubry,Broxtowe,Leave,52,Against,For,Against,Against,For,Against,Against,Against,52,52,Against,For,Against,For,Other,0.5241484493
Oth,John Bercow,Buckingham,Remain,51,Abstain,Abstain,Abstain,Abstain,Abstain,Abstain,Abstain,Abstain,51,49,Abstain,Abstain,Abstain,Abstain,Other,0.486547127
Lab,Julie Cooper,Burnley,Leave,67,For,Abstain,For,For,Abstain,Against,Against,Abstain,67,67,For,Abstain,For,Abstain,Lab,0.6661279897
Con,Andrew Griffiths,Burton,Leave,65,Against,Against,Against,Against,Against,For,Against,Against,65,65,Against,Against,Against,Against,Con,0.6462413639
Lab,James Frith,Bury North,Leave,54,For,For,For,For,For,Against,Against,Abstain,54,54,For,For,For,For,Lab,0.536593443
Ind,Ivan Lewis,Bury South,Leave,55,For,Against,For,For,Abstain,Against,Against,Against,55,55,For,Against,For,Against,Other,0.5452602877
Con,Jo Churchill,Bury St Edmunds,Leave,54,Against,Against,Against,Against,Against,Against,Against,Against,54,54,Against,Against,Against,Against,Con,0.5373851606
Lab,Wayne David,Caerphilly,Leave,55,For,For,For,For,Abstain,Against,Against,Abstain,55,55,For,For,For,Abstain,Lab,0.5515760503
LD,Jamie Stone,Caithness Sutherland and Easter ,Remain,51,Abstain,For,Abstain,Abstain,For,Against,Against,Abstain,51,49,Abstain,For,Abstain,For,Other,0.4943534937
Con,Craig Whittaker,Calder Valley,Leave,53,Against,Against,Against,Against,Against,For,Against,Against,53,53,Against,Against,Against,Against,Con,0.5316421306
Lab,Harriet Harman,Camberwell and Peckham,Remain,70,For,For,For,For,For,Against,Against,Against,70,30,For,For,For,For,Lab,0.3019691475
Con,George Eustice,Camborne and Redruth,Leave,58,Against,Against,Against,For,Against,For,For,For,58,58,Against,Against,For,Against,Con,0.5791059617
Lab,Daniel Zeichner,Cambridge,Remain,74,Abstain,For,Abstain,Against,For,Against,Against,Against,74,26,Abstain,For,Against,For,Lab,0.262252731
Con,Amanda Milling,Cannock Chase,Leave,69,Against,Against,Against,Against,Against,For,Abstain,Against,69,69,Against,Against,Against,Against,Con,0.6886035313
Lab,Rosie Duffield,Canterbury,Remain,55,For,For,For,Abstain,For,Against,Against,Against,55,45,For,For,Abstain,For,Lab,0.4534039729
Lab,Jo Stevens,Cardiff Central,Remain,70,Abstain,For,Abstain,Against,For,Against,Against,Against,70,30,Against,For,Against,For,Lab,0.3035441463
Lab,Anna McMorrin,Cardiff North,Remain,61,Against,For,For,Against,For,Against,Against,Against,61,39,Against,For,Against,For,Lab,0.3908054342
Lab,Stephen Doughty,Cardiff South and Penarth,Remain,55,For,For,For,Abstain,For,Against,Against,Against,55,45,For,For,Abstain,For,Lab,0.4493568723
Lab,Kevin Brennan,Cardiff West,Remain,55,For,For,For,For,For,Against,Against,Abstain,55,45,For,For,For,For,Lab,0.4483702206
Con,John Stevenson,Carlisle,Leave,60,Against,Against,Against,For,Against,Abstain,Against,For,60,60,Against,Against,For,Against,Con,0.6048799932
PC,Jonathan Edwards,Carmarthen East and Dinefwr,Leave,54,Abstain,For,Abstain,For,For,Against,Against,Abstain,54,54,Abstain,For,For,For,Other,0.5376553474
Con,Simon Hart,Carmarthen West and South Pembro ,Leave,55,Against,Against,Against,For,Against,Abstain,Abstain,For,55,55,Against,Against,For,Against,Con,0.5536619483
LD,Tom Brake,Carshalton and Wallington,Leave,56,Abstain,For,Abstain,Abstain,For,Against,Against,Abstain,56,56,Against,For,Against,For,Other,0.5630242446
Con,Rebecca Harris,Castle Point,Leave,73,Against,Against,Against,Against,Against,For,For,Against,73,73,Against,Against,Against,Against,Con,0.7269939242
SNP,Philippa Whitford,Central Ayrshire,Remain,57,Abstain,For,Abstain,Abstain,For,Against,Against,Against,57,43,Abstain,For,For,For,Other,0.4272058174
Con,Mel Stride,Central Devon,Leave,51,Against,Against,Against,Against,Against,Against,Against,Against,51,51,Against,Against,Against,Against,Con,0.5117887205
Con,Dan Poulter,Central Suffolk and North Ipswich,Leave,54,Against,Against,Against,Against,Against,For,Against,For,54,54,Against,Against,Against,Against,Con,0.5448855513
PC,Ben Lake,Ceredigion,Remain,55,Abstain,For,Abstain,For,For,Against,Against,Abstain,55,45,Abstain,For,For,For,Other,0.4537013739
Con,Edward Argar,Charnwood,Leave,58,Against,Against,Against,Against,Against,Abstain,Against,Against,58,58,Against,Against,Against,Against,Con,0.5829449052
Con,Tracey Crouch,Chatham and Aylesford,Leave,65,Against,Against,Against,Against,Against,For,Abstain,Against,65,65,Against,Against,Against,Against,Con,0.6474851595
Con,Mary Robinson,Cheadle,Remain,57,Against,Against,Against,Against,Against,Against,Against,Against,57,43,Against,Against,Against,Against,Con,0.4265303264
Con,Vicky Ford,Chelmsford,Leave,51,For,Against,Against,For,Against,Against,Against,Abstain,51,51,For,Against,Against,Against,Con,0.5054572553
Con,Greg Hands,Chelsea and Fulham,Remain,71,Against,Against,Against,Against,Against,Against,Abstain,Against,71,29,Against,Against,Against,Against,Con,0.2921402094
Con,Alex Chalk,Cheltenham,Remain,57,For,Abstain,Against,Against,Abstain,Against,Against,Against,57,43,For,Abstain,Against,Abstain,Con,0.4278241767
Con,Dame Cheryl Gillan,Chesham and Amersham,Remain,55,Against,Against,Against,Against,Against,Against,Against,Against,55,45,Against,Against,Against,Against,Con,0.4498498396
Lab,Toby Perkins,Chesterfield,Leave,59,For,For,For,For,Against,Against,Against,Against,59,59,For,For,Abstain,Against,Lab,0.593187532
Con,Gillian Keegan,Chichester,Leave,51,Against,Against,Against,Against,Against,Against,Against,Abstain,51,51,Abstain,Against,Against,Against,Con,0.5064288139
Con,Iain Duncan Smith,Chingford and Woodford Green,Remain,51,Against,Against,Against,Against,Against,For,For,Against,51,49,Against,Against,Against,Against,Con,0.4920964123
Con,Michelle Donelan,Chippenham,Leave,52,Against,Against,Against,Against,Against,Abstain,For,Against,52,52,Against,Against,Against,Against,Con,0.5232609827
Con,Theresa Villiers,Chipping Barnet,Remain,59,Against,Against,Against,Against,Against,Abstain,For,Against,59,41,Against,Against,Against,Against,Con,0.4092972926
Lab,Sir Lindsay Hoyle,Chorley,Leave,57,Abstain,Abstain,Abstain,Abstain,Abstain,Abstain,Abstain,Abstain,57,57,Abstain,Abstain,Abstain,Abstain,Lab,0.565742818
Con,Sir Christopher Chope,Christchurch,Leave,60,Against,Against,Against,Against,Against,For,For,Against,60,60,Against,Against,Against,Against,Con,0.5987484443
Con,Mark Field,Cities of London and Westminster,Remain,71,For,Abstain,Against,Against,For,Against,For,Against,71,29,For,Abstain,Abstain,For,Con,0.286318407
Lab,Christian Matheson,City of Chester,Remain,57,For,For,For,Against,For,Against,Against,Against,57,43,For,For,For,For,Lab,0.4271304058
Lab,Roberta Blackman-Woods,City of Durham,Remain,56,For,For,For,For,For,Against,Against,Abstain,56,44,For,For,For,For,Lab,0.4435008497
Con,Giles Watling,Clacton,Leave,71,Against,Against,Against,Against,Against,For,For,Against,71,71,Against,Against,Against,Against,Con,0.7107657381
Con,Martin Vickers,Cleethorpes,Leave,68,Against,Against,Against,Against,Against,For,Against,Against,68,68,Against,Against,Against,Against,Con,0.6841059823
Lab,Susan Elan Jones,Clwyd South,Leave,60,For,For,For,Abstain,For,Against,Against,Against,60,60,For,For,Abstain,For,Lab,0.6025820136
Con,David Jones,Clwyd West,Leave,53,Against,Against,Against,Against,Against,For,For,Against,53,53,Against,Against,Against,Against,Con,0.5253250436
Lab,Hugh Gaffney,Coatbridge Chryston and Bellshill,Remain,61,For,For,For,For,For,Against,Against,Abstain,61,39,For,For,For,For,Lab,0.3872332567
Con,Will Quince,Colchester,Leave,51,Against,Against,Against,Against,Against,For,For,Against,51,51,Against,Against,Against,Against,Con,0.5106418001
Lab,Thelma Walker,Colne Valley,Remain,50,For,For,For,Against,For,Against,Against,Against,50,50,For,For,Abstain,For,Lab,0.4982459592
Con,Fiona Bruce,Congleton,Leave,53,Against,Against,Against,Against,Against,For,For,Against,53,53,Against,Against,Against,Against,Con,0.5265409394
Con,Trudy Harrison,Copeland,Leave,60,Against,Against,Against,Against,Against,For,Against,For,60,60,Against,Against,Against,Against,Con,0.5984604808
Con,Tom Pursglove,Corby,Leave,60,Against,Against,Against,Against,Against,For,For,Against,60,60,Against,Against,Against,Against,Con,0.60114346
Lab,Colleen Fletcher,Coventry North East,Leave,59,For,For,For,For,Abstain,Against,Against,Abstain,59,59,For,For,For,Abstain,Lab,0.5922586701
Lab,Geoffrey Robinson,Coventry North West,Leave,59,For,For,For,For,Against,Against,Against,Abstain,59,59,For,For,For,Abstain,Lab,0.5867347043
Lab,Jim Cunningham,Coventry South,Remain,51,Against,For,For,For,Against,Against,Against,Against,51,49,For,For,For,Abstain,Lab,0.4890117797
Con,Henry Smith,Crawley,Leave,58,Against,Against,Against,Against,Against,For,For,Against,58,58,Against,Against,Against,Against,Con,0.584136714
Lab,Laura Smith,Crewe and Nantwich,Leave,59,For,Against,For,Against,Abstain,Against,Against,Against,59,59,For,Against,Against,Abstain,Lab,0.5900216001
Lab,Sarah Jones,Croydon Central,Leave,50,For,For,For,For,For,Against,Against,Abstain,50,50,For,For,For,For,Lab,0.5031024069
Lab,Steve Reed,Croydon North,Remain,59,For,For,For,For,For,Against,Against,Abstain,59,41,For,For,For,For,Lab,0.4116806604
Con,Chris Philp,Croydon South,Remain,54,Against,Against,Against,Against,Against,Abstain,For,Against,54,46,Against,Against,Against,Against,Con,0.4580567492
SNP,Stuart C. McDonald,Cumbernauld Kilsyth and Kirkint ,Remain,62,Abstain,For,Abstain,Abstain,For,Against,Against,Against,62,38,Abstain,For,For,For,Other,0.3790899259
Lab,Ann Clwyd,Cynon Valley,Leave,57,Against,For,Against,Against,For,Against,Against,Against,57,57,For,For,Abstain,For,Lab,0.5696266259
Lab,Jon Cruddas,Dagenham and Rainham,Leave,70,For,Against,For,For,Against,Against,Against,Abstain,70,70,For,Against,For,Against,Lab,0.6992601589
Lab,Jenny Chapman,Darlington,Leave,58,For,For,For,For,Abstain,Against,Against,Abstain,58,58,For,For,For,Abstain,Lab,0.5806846735
Con,Gareth Johnson,Dartford,Leave,64,Against,Against,Against,Against,Against,For,For,Against,64,64,Against,Against,Against,Against,Con,0.6403580012
Con,Chris Heaton-Harris,Daventry,Leave,59,Against,Against,Against,Against,Against,For,Against,Against,59,59,Against,Against,Against,Against,Con,0.5875854112
Lab,David Hanson,Delyn,Leave,55,For,For,For,For,Abstain,Against,Against,Against,55,55,For,For,For,Abstain,Lab,0.5477104
Lab,Andrew Gwynne,Denton and Reddish,Leave,61,For,Abstain,For,For,Abstain,Against,Against,Abstain,61,61,For,For,For,Abstain,Lab,0.6098402815
Ind,Chris Williamson,Derby North,Leave,54,For,Against,For,Against,Against,Abstain,Against,Abstain,54,54,For,Against,Abstain,Abstain,Other,0.5373816638
Lab,Margaret Beckett,Derby South,Leave,62,For,For,For,Abstain,Abstain,Against,Against,Abstain,62,62,For,For,For,Abstain,Lab,0.6161100009
Con,Sir Patrick McLoughlin,Derbyshire Dales,Leave,51,Against,Against,Against,Against,Against,Against,Against,Against,51,51,Against,Against,Against,Against,Con,0.5128574119
Con,Claire Perry,Devizes,Leave,51,Abstain,Abstain,Abstain,Abstain,Abstain,Abstain,Abstain,Abstain,51,51,Abstain,Abstain,Abstain,Abstain,Con,0.5146439081
Lab,Paula Sherriff,Dewsbury,Leave,57,For,Abstain,For,For,Abstain,Against,Against,Abstain,57,57,For,Abstain,For,For,Lab,0.5726844715
Lab,Caroline Flint,Don Valley,Leave,69,Abstain,Against,For,Against,Against,Against,Against,Against,69,69,For,Against,Against,Against,Lab,0.6855959842
Lab,Dame Rosie Winterton,Doncaster Central,Leave,66,Abstain,Abstain,Abstain,Abstain,Abstain,Abstain,Abstain,Abstain,66,66,Abstain,Abstain,Abstain,Abstain,Lab,0.6631997578
Lab,Edward Miliband,Doncaster North,Leave,72,For,For,For,For,Abstain,Against,Against,Abstain,72,72,For,For,For,Abstain,Lab,0.7206050853
Con,Charlie Elphicke,Dover,Leave,63,Against,Against,Against,Against,Against,For,For,Against,63,63,Against,Against,Against,Against,Con,0.6312986991
Ind,Ian Austin,Dudley North,Leave,71,For,Against,For,For,Abstain,Against,Against,Abstain,71,71,Abstain,Against,For,Against,Other,0.7143022556
Con,Mike Wood,Dudley South,Leave,70,Against,Against,Against,Against,Against,For,Abstain,Against,70,70,Against,Against,Against,Against,Con,0.7041731849
Lab,Helen Hayes,Dulwich and West Norwood,Remain,78,For,For,For,Abstain,For,Against,Against,Against,78,22,For,For,Abstain,For,Lab,0.2205254119
Con,Alister Jack,Dumfries and Galloway,Remain,55,Against,Against,Against,Against,Against,Against,For,Against,55,45,Against,Against,Against,Against,Con,0.4539451293
Con,David Mundell,Dumfriesshire Clydesdale and Tw ,Remain,56,Abstain,Abstain,Abstain,Abstain,Abstain,Abstain,Abstain,Abstain,56,44,Abstain,Abstain,Abstain,Abstain,Con,0.4394452696
SNP,Stewart Hosie,Dundee East,Remain,62,Abstain,For,Abstain,Abstain,For,Against,Against,Against,62,38,Abstain,Abstain,Abstain,Abstain,Other,0.3825275627
SNP,Chris Law,Dundee West,Remain,59,Abstain,For,Abstain,Abstain,For,Against,Against,Against,59,41,Abstain,For,For,For,Other,0.4115098933
SNP,Douglas Chapman,Dunfermline and West Fife,Remain,60,Abstain,For,Abstain,Abstain,For,Against,Against,Against,60,40,Abstain,For,For,For,Other,0.4002669477
PC,Liz Saville Roberts,Dwyfor Meirionnydd,Remain,52,Abstain,For,Abstain,For,For,Against,Against,Abstain,52,48,Abstain,For,For,For,Other,0.4836689985
Lab,Rupa Huq,Ealing Central and Acton,Remain,71,For,For,For,Abstain,For,Against,Against,Against,71,29,For,For,For,For,Lab,0.2915028059
Lab,Stephen Pound,Ealing North,Remain,54,For,For,For,For,Abstain,Against,Against,Abstain,54,46,For,For,For,For,Lab,0.4625609216
Lab,Virendra Sharma,Ealing Southall,Remain,58,For,For,For,For,For,Against,Against,Against,58,42,For,For,For,For,Lab,0.4182634912
Lab,Grahame Morris,Easington,Leave,67,Against,Against,For,Against,Against,Against,Against,Against,67,67,For,Against,Against,Abstain,Lab,0.6657309975
Con,Sir Hugo Swire,East Devon,Leave,50,Against,Against,Against,Against,Against,Against,Abstain,Against,50,50,Against,Against,Against,Against,Con,0.5045688788
LD,Jo Swinson,East Dunbartonshire,Remain,73,Abstain,For,Abstain,Abstain,For,Against,Against,Abstain,73,27,Against,For,Against,For,Other,0.2670022732
Lab,Stephen Timms,East Ham,Remain,53,For,For,For,For,For,Against,Against,Abstain,53,47,For,For,For,For,Lab,0.4691542632
Con,Damian Hinds,East Hampshire,Remain,51,Abstain,Abstain,Abstain,Abstain,Abstain,Abstain,Abstain,Abstain,51,49,Abstain,Abstain,Abstain,Abstain,Con,0.4872942006
SNP,Lisa Cameron,East Kilbride Strathaven and Le ,Remain,62,Abstain,For,Abstain,Abstain,For,Against,Against,Against,62,38,Abstain,For,For,For,Other,0.3799721785
Lab,Martin Whitfield,East Lothian,Remain,65,For,For,For,Abstain,For,Against,Against,Abstain,65,35,For,For,For,For,Lab,0.3539559572
Con,Paul Masterton,East Renfrewshire,Remain,74,For,Against,Against,For,Abstain,Against,Against,For,74,26,For,Against,For,Abstain,Con,0.2568141894
Con,Sam Gyimah,East Surrey,Leave,54,Abstain,For,Against,Abstain,Abstain,Against,Against,Abstain,54,54,Abstain,For,Abstain,Abstain,Con,0.5419184365
Con,Tim Loughton,East Worthing and Shoreham,Leave,54,Against,Against,Against,Against,Against,For,For,Against,54,54,Against,Against,Against,Against,Con,0.5367434864
Con,Sir Greg Knight,East Yorkshire,Leave,63,Against,Against,Against,Against,Against,For,Against,Against,63,63,Against,Against,Against,Against,Con,0.633133693
Ind,Stephen Lloyd,Eastbourne,Leave,58,For,Abstain,For,For,For,Against,Against,For,58,58,For,Abstain,For,Abstain,Other,0.5762499801
Con,Mims Davies,Eastleigh,Leave,54,Against,Against,Against,Against,Against,For,Against,Against,54,54,Against,Against,Against,Against,Con,0.5401918453
Con,Antoinette Sandbach,Eddisbury,Leave,52,For,For,Against,For,Abstain,Against,Against,For,52,52,For,For,For,For,Con,0.5223282163
SNP,Tommy Sheppard,Edinburgh East,Remain,72,Abstain,For,Abstain,Abstain,For,Against,Against,Against,72,28,Abstain,For,For,For,Other,0.2763678537
SNP,Deidre Brock,Edinburgh North and Leith,Remain,78,Abstain,For,Abstain,Abstain,For,Against,Against,Against,78,22,Abstain,For,For,For,Other,0.2179552346
Lab,Ian Murray,Edinburgh South,Remain,78,For,For,Abstain,For,For,Against,Against,Against,78,22,For,For,For,For,Lab,0.2215338737
SNP,Joanna Cherry,Edinburgh South West,Remain,72,Abstain,For,Abstain,Abstain,For,Against,Against,Against,72,28,Abstain,For,For,For,Other,0.2786164648
LD,Christine Jardine,Edinburgh West,Remain,71,Abstain,For,Abstain,Abstain,For,Against,Against,Abstain,71,29,Abstain,For,Abstain,For,Other,0.2876601964
Lab,Kate Osamor,Edmonton,Remain,54,For,For,For,Against,For,Against,Against,Against,54,46,For,For,For,For,Lab,0.455096172
Lab,Justin Madders,Ellesmere Port and Neston,Leave,58,For,Against,For,For,Abstain,Against,Against,Against,58,58,For,For,For,Abstain,Lab,0.5776683508
Con,Alec Shelbrooke,Elmet and Rothwell,Leave,56,Abstain,Abstain,Abstain,Abstain,Abstain,Abstain,Abstain,Abstain,56,56,Against,Against,Against,Against,Con,0.5635934444
Lab,Clive Efford,Eltham,Leave,52,For,For,For,For,For,Against,Against,Against,52,52,For,For,For,For,Lab,0.5181526511
TIG,Joan Ryan,Enfield North,Remain,51,Abstain,For,Against,Against,For,Against,Against,Against,51,49,Against,For,Against,For,Other,0.4921544262
Lab,Bambos Charalambous,Enfield Southgate,Remain,62,For,For,For,For,For,Against,Against,Abstain,62,38,For,For,For,For,Lab,0.3788481586
Con,Dame Eleanor Laing,Epping Forest,Leave,61,Abstain,Abstain,Abstain,Abstain,Abstain,Abstain,Abstain,Abstain,61,61,Abstain,Abstain,Abstain,Abstain,Con,0.6107376735
Con,Chris Grayling,Epsom and Ewell,Remain,52,Abstain,Abstain,Abstain,Abstain,Abstain,Abstain,Abstain,Abstain,52,48,Abstain,Abstain,Abstain,Abstain,Con,0.4796217354
Con,Maggie Throup,Erewash,Leave,63,Against,Against,Against,Against,Against,For,Against,Against,63,63,Against,Against,Against,Against,Con,0.633037158
Lab,Teresa Pearce,Erith and Thamesmead,Leave,54,For,For,For,Abstain,Abstain,Against,Against,Abstain,54,54,For,For,For,For,Lab,0.5432728958
Con,Dominic Raab,Esher and Walton,Remain,58,Against,Against,Against,Against,Against,For,For,Against,58,42,Against,Against,Against,Against,Con,0.4162523621
Lab,Ben Bradshaw,Exeter,Remain,55,For,For,For,Abstain,For,Against,Against,Against,55,45,For,For,For,For,Lab,0.4470640158
SNP,John McNally,Falkirk,Remain,58,Abstain,Abstain,Abstain,Abstain,Abstain,Abstain,Abstain,Abstain,58,42,Abstain,For,For,For,Other,0.4199140734
Con,Suella Braverman,Fareham,Leave,55,Against,Against,Against,Against,Against,For,For,Against,55,55,Against,Against,Against,Against,Con,0.554141921
Con,Helen Whately,Faversham and Mid Kent,Leave,58,Against,Against,Against,Against,Against,For,For,Against,58,58,Against,Against,Against,Against,Con,0.5822255926
Lab,Seema Malhotra,Feltham and Heston,Leave,56,For,For,For,For,Abstain,Against,Against,Against,56,56,For,For,For,Abstain,Lab,0.5593200537
Con,Jack Lopresti,Filton and Bradley Stoke,Remain,52,Against,Against,Against,Against,Against,For,Against,Against,52,48,Against,Against,Against,Against,Con,0.4797859582
Con,Mike Freer,Finchley and Golders Green,Remain,69,Against,Against,Against,Against,For,Against,Against,Against,69,31,Against,For,Against,Against,Con,0.3091974839
Con,Damian Collins,Folkestone and Hythe,Leave,62,Against,Against,Against,For,Against,Against,Against,For,62,62,Against,Against,For,Against,Con,0.6183552232
Con,Mark Harper,Forest of Dean,Leave,58,Against,Against,Against,Against,Against,For,For,Against,58,58,Against,Against,Against,Against,Con,0.5806625702
Con,Mark Menzies,Fylde,Leave,57,Against,Against,Against,Against,Against,For,Against,Against,57,57,Against,Against,Against,Against,Con,0.5655708102
Con,Sir Edward Leigh,Gainsborough,Leave,62,Against,Against,Against,Against,Against,For,For,Against,62,62,Against,Against,Against,Against,Con,0.6203270159
Lab,Maria Eagle,Garston and Halewood,Remain,52,For,For,For,Abstain,For,Against,Against,Against,52,48,For,For,For,For,Lab,0.4787784551
Lab,Ian Mearns,Gateshead,Leave,56,For,Abstain,For,For,Abstain,Against,Against,Abstain,56,56,For,Abstain,For,For,Lab,0.5604693175
Lab,Vernon Coaker,Gedling,Leave,56,For,For,For,For,Abstain,Against,Against,Against,56,56,For,For,For,Abstain,Lab,0.5619792121
Con,Rehman Chishti,Gillingham and Rainham,Leave,64,Against,Against,Against,Against,Against,For,Abstain,Against,64,64,Against,Against,Against,Against,Con,0.6358208955
SNP,Alison Thewliss,Glasgow Central,Remain,71,Abstain,For,Abstain,Abstain,For,Against,Against,Against,71,29,Abstain,For,For,For,Other,0.2875060852
SNP,David Linden,Glasgow East,Remain,56,Abstain,For,Abstain,Abstain,For,Against,Against,Against,56,44,Abstain,For,For,For,Other,0.4383731411
SNP,Patrick Grady,Glasgow North,Remain,78,Abstain,For,Abstain,Abstain,For,Against,Abstain,Against,78,22,Abstain,For,For,For,Other,0.2162047426
Lab,Paul Sweeney,Glasgow North East,Remain,59,For,For,For,For,For,Against,Against,Abstain,59,41,For,For,For,For,Lab,0.406576167
SNP,Carol Monaghan,Glasgow North West,Remain,69,Abstain,For,Abstain,Abstain,For,Against,Against,Against,69,31,Abstain,Abstain,Abstain,Abstain,Other,0.3149285296
SNP,Stewart Malcolm McDonald,Glasgow South,Remain,72,Abstain,For,Abstain,Abstain,For,Against,Against,Against,72,28,Abstain,For,For,For,Other,0.2819188863
SNP,Chris Stephens,Glasgow South West,Remain,59,Abstain,For,Abstain,Abstain,For,Against,Against,Against,59,41,Abstain,For,For,For,Other,0.4086436703
SNP,Peter Grant,Glenrothes,Remain,54,Abstain,For,Abstain,Abstain,For,Against,Against,Against,54,46,Abstain,For,For,For,Other,0.4646249082
Con,Richard Graham,Gloucester,Leave,59,Abstain,Against,Against,Abstain,Against,Against,Against,Abstain,59,59,For,Against,Against,Against,Con,0.5890014719
Con,Colin Clark,Gordon,Remain,55,Abstain,Against,Against,Against,Against,Against,Abstain,Abstain,55,45,Against,Against,Against,Against,Con,0.4456318835
Con,Caroline Dinenage,Gosport,Leave,62,Against,Against,Against,Against,Against,For,For,Against,62,62,Against,Against,Against,Against,Con,0.6197471542
Lab,Tonia Antoniazzi,Gower,Leave,50,For,For,For,Against,For,Against,Against,Against,50,50,For,For,Against,For,Lab,0.5017664981
Con,Nick Boles,Grantham and Stamford,Leave,61,For,Abstain,Against,For,Against,Against,Against,For,61,61,For,For,For,For,Con,0.6101248691
Con,Adam Holloway,Gravesham,Leave,65,Against,Against,Against,Against,Against,For,For,Against,65,65,Against,Against,Against,Against,Con,0.6537720795
Lab,Melanie Onn,Great Grimsby,Leave,71,For,Against,For,For,Abstain,Against,Abstain,Abstain,71,71,For,Against,For,Abstain,Lab,0.7144662955
Con,Brandon Lewis,Great Yarmouth,Leave,72,Abstain,Abstain,Abstain,Abstain,Abstain,Abstain,Abstain,Abstain,72,72,Abstain,Abstain,Abstain,Abstain,Con,0.7150494733
Lab,Matthew Pennycook,Greenwich and Woolwich,Remain,64,For,For,For,For,For,Against,Against,Against,64,36,For,For,For,For,Lab,0.356656796
Con,Anne Milton,Guildford,Remain,59,For,Abstain,Against,Abstain,Abstain,Against,Against,Abstain,59,41,For,Abstain,Abstain,Abstain,Con,0.4117792506
Lab,Diane Abbott,Hackney North and Stoke Newington,Remain,79,For,For,For,For,Abstain,Against,Against,Abstain,79,21,For,For,For,Abstain,Lab,0.2094955837
Lab,Meg Hillier,Hackney South and Shoreditch,Remain,78,For,For,For,Abstain,For,Against,Against,Against,78,22,For,For,Abstain,For,Lab,0.221796833
Con,James Morris,Halesowen and Rowley Regis,Leave,66,Against,Against,Against,Against,Against,For,Against,Against,66,66,Against,Against,Against,Against,Con,0.6634472733
Lab,Holly Lynch,Halifax,Leave,59,For,For,For,For,Abstain,Against,Against,Abstain,59,59,For,For,For,For,Lab,0.5882165334
Con,David Davis,Haltemprice and Howden,Leave,55,Against,Against,Against,Against,Against,For,Against,Against,55,55,Against,Against,Against,Against,Con,0.5549736439
Lab,Derek Twigg,Halton,Leave,58,For,Against,For,Against,Against,Against,Against,Against,58,58,For,Against,Against,Against,Lab,0.5782347297
Lab,Andy Slaughter,Hammersmith,Remain,69,For,For,For,Abstain,For,Against,Against,Against,69,31,For,For,For,For,Lab,0.3103877818
Lab,Tulip Siddiq,Hampstead and Kilburn,Remain,77,For,For,For,Against,For,Against,Against,Against,77,23,For,For,Abstain,For,Lab,0.234826777
Con,Neil O'Brien,Harborough,Leave,52,Against,Against,Against,Against,Against,For,Abstain,Against,52,52,Against,Against,Against,Against,Con,0.5224663693
Con,Robert Halfon,Harlow,Leave,68,Against,Against,Against,For,Against,Against,Abstain,For,68,68,Against,Against,For,Against,Con,0.6801852808
Con,Andrew Jones,Harrogate and Knaresborough,Remain,53,Against,Against,Against,Against,Against,Against,Against,Against,53,47,Against,Against,Against,Against,Con,0.4721936622
Con,Bob Blackman,Harrow East,Remain,53,Against,Against,Against,Against,Against,For,For,For,53,47,Against,Against,Against,Against,Con,0.4747858454
Lab,Gareth Thomas,Harrow West,Remain,55,For,For,For,For,For,Against,Against,Against,55,45,For,For,For,For,Lab,0.4505624317
Lab,Mike Hill,Hartlepool,Leave,70,For,Against,For,Abstain,Abstain,Against,Against,Abstain,70,70,For,Against,Against,Abstain,Lab,0.6956832972
Con,Sir Bernard Jenkin,Harwich and North Essex,Leave,61,Against,Against,Against,Against,Against,For,For,Against,61,61,Against,Against,Against,Against,Con,0.6107462742
Con,Amber Rudd,Hastings and Rye,Leave,56,Abstain,Abstain,Abstain,Abstain,Abstain,Abstain,Abstain,Abstain,56,56,Abstain,Abstain,Abstain,Abstain,Con,0.5622823314
Con,Alan Mak,Havant,Leave,62,Against,Against,Against,Against,Against,For,For,Against,62,62,Against,Against,Against,Against,Con,0.6245058088
Lab,John McDonnell,Hayes and Harlington,Leave,59,For,For,For,For,Abstain,Against,Against,Abstain,59,59,For,For,For,Abstain,Lab,0.5940544594
Con,William Wragg,Hazel Grove,Leave,52,Against,Against,Against,Against,Against,For,For,Against,52,52,Against,Against,Against,Against,Con,0.5220859153
Con,Sir Mike Penning,Hemel Hempstead,Leave,55,Against,Against,Against,Against,Against,For,Against,Against,55,55,Against,Against,Against,Against,Con,0.5516880434
Lab,Jon Trickett,Hemsworth,Leave,68,For,Abstain,For,For,Abstain,Against,Against,Abstain,68,68,For,Abstain,For,Abstain,Lab,0.6812554559
Con,Matthew Offord,Hendon,Remain,58,Against,Against,Against,Against,Against,For,For,Against,58,42,Against,Against,Against,Against,Con,0.4193508856
Con,John Howell,Henley,Remain,57,Against,Abstain,Against,Against,Against,Against,Against,Against,57,43,Against,Against,Against,Against,Con,0.4307181625
Con,Jesse Norman,Hereford and South Herefordshire,Leave,60,Against,Against,Against,Against,Against,Against,Against,Against,60,60,Against,Against,Against,Against,Con,0.6015169694
Con,Mark Prisk,Hertford and Stortford,Remain,51,Against,Against,Against,Against,Against,Against,Against,For,51,49,Against,Abstain,Abstain,Abstain,Con,0.4921302402
Con,Oliver Dowden,Hertsmere,Leave,51,Against,Against,Against,Against,Against,Against,Against,Against,51,51,Against,Against,Against,Against,Con,0.5083652561
Con,Guy Opperman,Hexham,Remain,55,Against,Against,Against,Against,Against,Against,Against,Against,55,45,For,Against,Against,Against,Con,0.4538836705
Lab,Liz McInnes,Heywood and Middleton,Leave,62,For,Abstain,For,For,Abstain,Against,Against,Abstain,62,62,For,Abstain,For,Abstain,Lab,0.6242561164
Lab,Ruth George,High Peak,Leave,51,For,For,For,Abstain,For,Against,Against,Against,51,51,For,For,For,For,Lab,0.5054802765
Con,Bim Afolami,Hitchin and Harpenden,Remain,60,Abstain,Against,Against,For,Against,Against,Abstain,For,60,40,Abstain,Abstain,For,Against,Con,0.3979351954
Lab,Keir Starmer,Holborn and St Pancras,Remain,73,For,For,For,For,Abstain,Against,Against,Abstain,73,27,For,For,For,Abstain,Lab,0.2665874363
Con,Julia Lopez,Hornchurch and Upminster,Leave,69,Against,Against,Against,Against,Against,For,For,Against,69,69,Against,Against,Against,Against,Con,0.6949469368
Lab,Catherine West,Hornsey and Wood Green,Remain,75,For,For,For,Abstain,For,Against,Against,Against,75,25,For,For,Abstain,For,Lab,0.2498291003
Con,Jeremy Quin,Horsham,Remain,51,Against,Against,Against,Against,Against,Against,Against,Against,51,49,Against,Against,Against,Against,Con,0.4866966003
Lab,Bridget Phillipson,Houghton and Sunderland South,Leave,62,For,For,For,Abstain,Abstain,Against,Against,Against,62,62,For,For,Abstain,For,Lab,0.6243418578
Lab,Peter Kyle,Hove,Remain,66,For,For,For,For,For,Against,Against,Against,66,34,For,For,For,For,Lab,0.3392146965
Lab,Barry Sheerman,Huddersfield,Leave,51,For,For,For,Abstain,For,Against,Against,Against,51,51,For,For,For,For,Lab,0.5108125048
Con,Jonathan Djanogly,Huntingdon,Leave,53,For,Abstain,Against,For,Against,Against,Against,For,53,53,For,Against,For,Against,Con,0.5327471457
Lab,Graham P Jones,Hyndburn,Leave,66,For,For,For,Abstain,Abstain,Against,Against,Against,66,66,For,For,Abstain,Abstain,Lab,0.6575179215
Lab,Wes Streeting,Ilford North,Leave,53,For,For,For,Abstain,For,Against,Against,Against,53,53,Abstain,For,Abstain,For,Lab,0.5256689865
TIG,Mike Gapes,Ilford South,Remain,56,Against,For,Against,Against,For,Against,Against,Against,56,44,Against,For,Against,For,Other,0.4387414549
SNP,Ronnie Cowan,Inverclyde,Remain,64,Abstain,For,Abstain,Abstain,For,Against,Against,Against,64,36,Abstain,For,For,For,Other,0.3620342137
SNP,Drew Hendry,Inverness Nairn Badenoch and S ,Remain,59,Abstain,For,Abstain,Abstain,For,Against,Against,Against,59,41,Abstain,For,For,For,Other,0.4137974888
Lab,Sandy Martin,Ipswich,Leave,57,For,For,For,For,For,Against,Against,Against,57,57,For,For,For,For,Lab,0.5656765982
Con,Bob Seely,Isle of Wight,Leave,62,Against,Against,Against,Against,Against,For,Against,Against,62,62,Against,Against,Against,Against,Con,0.6194633409
Lab,Jeremy Corbyn,Islington North,Remain,78,For,For,For,For,Abstain,Against,Against,Abstain,78,22,For,For,For,Abstain,Lab,0.2161112362
Lab,Emily Thornberry,Islington South and Finsbury,Remain,72,For,For,For,For,Abstain,Against,Against,Abstain,72,28,For,For,For,Abstain,Lab,0.2828310011
Lab,Chris Evans,Islwyn,Leave,59,For,Abstain,For,For,Abstain,Against,Against,Abstain,59,59,For,Abstain,For,Abstain,Lab,0.5886667507
Lab,Stephen Hepburn,Jarrow,Leave,62,Against,Against,Against,Against,Against,Against,Against,Against,62,62,Against,Against,Against,Against,Lab,0.6161596892
Lab,John Grogan,Keighley,Leave,53,For,For,For,For,For,Against,Against,Abstain,53,53,For,For,For,For,Lab,0.5332509525
Con,Jeremy Wright,Kenilworth and Southam,Remain,53,Abstain,Abstain,Abstain,Abstain,Abstain,Abstain,Abstain,Abstain,53,47,Abstain,Abstain,Abstain,Abstain,Con,0.465989048
Lab,Emma Dent Coad,Kensington,Remain,69,For,For,For,Against,For,Against,Against,Against,69,31,For,For,For,For,Lab,0.3135044346
Con,Philip Hollobone,Kettering,Leave,61,Against,Against,Against,Against,Against,For,For,Against,61,61,Against,Against,Against,Against,Con,0.6098836886
SNP,Alan Brown,Kilmarnock and Loudoun,Remain,60,Abstain,For,Abstain,Abstain,For,Against,Against,Against,60,40,Abstain,For,For,For,Other,0.3960825307
LD,Sir Edward Davey,Kingston and Surbiton,Remain,58,Abstain,For,Abstain,Abstain,For,Against,Against,Abstain,58,42,Against,For,Against,For,Other,0.4159414685
Lab,Karl Turner,Kingston upon Hull East,Leave,73,For,For,For,For,Abstain,Abstain,Abstain,Abstain,73,73,For,For,For,Abstain,Lab,0.7263315426
Lab,Diana Johnson,Kingston upon Hull North,Leave,60,For,For,For,For,Abstain,Against,Against,Against,60,60,For,For,For,Abstain,Lab,0.599743353
Lab,Emma Hardy,Kingston upon Hull West and Hessle,Leave,68,For,For,For,For,Abstain,Against,Against,Abstain,68,68,For,For,For,Abstain,Lab,0.6784460334
Con,Chris Skidmore,Kingswood,Leave,57,Against,Against,Against,Against,Against,Against,Against,Against,57,57,Against,Against,Against,Against,Con,0.56835363
Lab,Lesley Laird,Kirkcaldy and Cowdenbeath,Remain,58,For,For,For,For,For,Against,Against,Abstain,58,42,For,For,For,For,Lab,0.4166315082
Lab,George Howarth,Knowsley,Leave,52,For,For,For,For,For,Against,Against,Against,52,52,For,For,For,Against,Lab,0.5243938607
SNP,Angela Crawley,Lanark and Hamilton East,Remain,65,Abstain,For,Abstain,Abstain,For,Against,Against,Against,65,35,Abstain,For,For,For,Other,0.3546686261
Lab,Cat Smith,Lancaster and Fleetwood,Leave,51,For,For,For,For,Abstain,Against,Against,Abstain,51,51,For,For,For,Abstain,Lab,0.509139906
Lab,Hilary Benn,Leeds Central,Remain,53,For,For,For,For,Abstain,Against,Against,Abstain,53,47,For,For,For,Abstain,Lab,0.4742583766
Lab,Richard Burgon,Leeds East,Leave,61,For,For,For,For,Abstain,Against,Against,Abstain,61,61,For,For,For,Abstain,Lab,0.6090851152
Lab,Fabian Hamilton,Leeds North East,Remain,63,For,For,For,Abstain,For,Against,Against,Against,63,37,For,For,For,For,Lab,0.373261813
Lab,Alex Sobel,Leeds North West,Remain,65,For,For,For,For,For,Against,Against,Against,65,35,For,For,For,For,Lab,0.3539748898
Lab,Rachel Reeves,Leeds West,Leave,55,For,For,For,For,For,Against,Against,Against,55,55,For,For,For,For,Lab,0.5497702885
Lab,Keith Vaz,Leicester East,Leave,53,For,For,For,For,For,Against,Against,Abstain,53,53,For,For,For,For,Lab,0.5316441994
Lab,Jonathan Ashworth,Leicester South,Remain,57,For,For,For,For,Abstain,Against,Against,Abstain,57,43,For,For,For,Abstain,Lab,0.4258202386
Lab,Liz Kendall,Leicester West,Leave,52,For,For,For,Abstain,For,Against,Against,Against,52,52,For,For,Abstain,For,Lab,0.516656347
Lab,Jo Platt,Leigh,Leave,63,For,Abstain,For,For,Abstain,Against,Against,Abstain,63,63,For,Abstain,For,Abstain,Lab,0.6345288292
Con,Maria Caulfield,Lewes,Remain,53,Against,Against,Against,Against,Against,For,For,For,53,47,Against,Against,Against,Against,Con,0.4696810052
Lab,Vicky Foxcroft,Lewisham Deptford,Remain,75,For,For,For,For,For,Against,Against,Abstain,75,25,For,For,For,For,Lab,0.2466929651
Lab,Janet Daby,Lewisham East,Remain,65,For,For,For,Abstain,For,Against,Against,Against,65,35,For,For,Abstain,For,Lab,0.3544815509
Lab,Ellie Reeves,Lewisham West and Penge,Remain,66,For,For,For,Abstain,For,Against,Against,Against,66,34,For,For,Abstain,For,Lab,0.3446838064
Lab,John Cryer,Leyton and Wanstead,Remain,65,For,For,For,For,Abstain,Against,Against,Abstain,65,35,For,For,For,Abstain,Lab,0.3500550486
Con,Michael Fabricant,Lichfield,Leave,58,Against,Against,Against,Against,Against,For,For,Against,58,58,Against,Against,Against,Against,Con,0.5757439131
Lab,Karen Lee,Lincoln,Leave,57,For,For,For,Against,Abstain,Against,Against,Abstain,57,57,For,For,For,Abstain,Lab,0.5731151012
SNP,Martyn Day,Linlithgow and East Falkirk,Remain,58,Abstain,For,Abstain,Abstain,For,Against,Against,Against,58,42,Abstain,For,For,For,Other,0.416080522
Lab,Dame Louise Ellman,Liverpool Riverside,Remain,73,For,For,For,Against,For,Against,Against,Against,73,27,For,For,Abstain,For,Lab,0.2688889708
Lab,Dan Carden,Liverpool Walton,Leave,54,For,For,For,For,Abstain,Against,Against,Abstain,54,54,For,For,For,Abstain,Lab,0.5380360055
TIG,Luciana Berger,Liverpool Wavertree,Remain,64,Against,For,Against,Against,For,Against,Against,Against,64,36,Against,For,Against,For,Other,0.3584956535
Lab,Stephen Twigg,Liverpool West Derby,Leave,50,For,For,For,For,For,Against,Against,Abstain,50,50,For,For,For,For,Lab,0.5028271159
SNP,Hannah Bardell,Livingston,Remain,56,Abstain,For,Abstain,Abstain,For,Against,Against,Against,56,44,Abstain,For,For,For,Other,0.4381333665
Lab,Nia Griffith,Llanelli,Leave,55,For,For,For,For,Abstain,Against,Against,Abstain,55,55,For,For,For,Abstain,Lab,0.5548355511
Con,Nicky Morgan,Loughborough,Remain,50,For,Against,Against,For,Against,Against,Against,For,50,50,For,Against,For,Against,Con,0.4966913473
Con,Victoria Atkins,Louth and Horncastle,Leave,69,Against,Against,Against,Against,Against,Against,Against,Against,69,69,Against,Against,Against,Against,Con,0.6942533714
Con,Philip Dunne,Ludlow,Leave,59,Against,Against,Against,Against,Against,Against,For,Against,59,59,Against,Against,Against,Against,Con,0.5858418541
Ind,Kelvin Hopkins,Luton North,Leave,58,Abstain,Abstain,Abstain,Abstain,Abstain,Abstain,Abstain,Abstain,58,58,Against,Against,Against,Against,Other,0.5821161422
TIG,Gavin Shuker,Luton South,Leave,55,Against,For,Against,Against,For,Against,Against,Against,55,55,Against,For,Against,For,Other,0.5544462729
Con,David Rutley,Macclesfield,Remain,52,Abstain,Abstain,Abstain,Abstain,Abstain,Abstain,Abstain,Abstain,52,48,Against,Against,Against,Against,Con,0.4815713063
Con,Theresa May,Maidenhead,Remain,55,Abstain,Abstain,Abstain,Abstain,Abstain,Abstain,Abstain,Abstain,55,45,Abstain,Abstain,Abstain,Abstain,Con,0.4541335515
Con,Helen Grant,Maidstone and The Weald,Leave,56,Against,Against,Against,Against,Against,Against,Against,Against,56,56,Against,Against,Against,Against,Con,0.5586830462
Lab,Yvonne Fovargue,Makerfield,Leave,65,For,Against,For,Abstain,Abstain,Against,Abstain,Abstain,65,65,For,Against,Against,Against,Lab,0.6500090381
Con,John Whittingdale,Maldon,Leave,61,Against,Against,Against,Against,Against,For,For,Against,61,61,Against,Against,Against,Against,Con,0.6131394269
Lab,Lucy Powell,Manchester Central,Remain,63,For,For,For,For,Abstain,Against,Against,Abstain,63,37,For,For,For,Abstain,Lab,0.3665873462
Lab,Afzal Khan,Manchester Gorton,Remain,62,For,For,For,For,Abstain,Against,Against,Abstain,62,38,For,For,For,Abstain,Lab,0.3790481123
Lab,Jeff Smith,Manchester Withington,Remain,74,For,For,For,For,For,Against,Against,Against,74,26,For,For,For,For,Lab,0.2630734275
Con,Ben Bradley,Mansfield,Leave,71,Against,Against,Against,Against,Against,For,For,Against,71,71,Against,Against,Against,Against,Con,0.7086291353
Con,George Hollingbery,Meon Valley,Leave,53,Against,Against,Against,Against,Against,Against,For,Against,53,53,Against,Against,Against,Against,Con,0.5292889116
Con,Dame Caroline Spelman,Meriden,Leave,59,For,Against,Against,For,Against,Against,Against,For,59,59,For,Abstain,For,Abstain,Con,0.5880843468
Lab,Gerald Jones,Merthyr Tydfil and Rhymney,Leave,58,For,For,For,For,Abstain,Against,Against,Abstain,58,58,For,For,For,Abstain,Lab,0.58403743910000006
Con,Nadine Dorries,Mid Bedfordshire,Leave,52,Against,Against,Against,Against,Against,For,For,Against,52,52,Against,Against,Against,Against,Con,0.522609586
Con,Pauline Latham,Mid Derbyshire,Leave,53,Against,Against,Against,Against,Against,Abstain,For,Against,53,53,Against,Against,Against,Against,Con,0.5253309968
Con,Michael Tomlinson,Mid Dorset and North Poole,Leave,58,Against,Against,Against,Against,Against,For,For,Against,58,58,Against,Against,Against,Against,Con,0.5792701099
Con,George Freeman,Mid Norfolk,Leave,61,For,Abstain,Against,For,Against,Abstain,Against,For,61,61,Abstain,Abstain,Abstain,Abstain,Con,0.6058269069
Con,Sir Nicholas Soames,Mid Sussex,Remain,53,For,Against,Against,For,Against,Against,Against,Against,53,47,For,Against,For,Against,Con,0.4668898152
Con,Nigel Huddleston,Mid Worcestershire,Leave,59,Abstain,Against,Against,Abstain,Against,Abstain,Abstain,Abstain,59,59,Abstain,Against,Abstain,Against,Con,0.5894371379
Lab,Andy McDonald,Middlesbrough,Leave,66,For,For,For,For,Abstain,Against,Abstain,Abstain,66,66,For,For,For,Abstain,Lab,0.6608364664
Con,Simon Clarke,Middlesbrough South and East Cle ,Leave,65,Against,Against,Against,Against,Against,For,For,Against,65,65,Against,Against,Against,Against,Con,0.6500282112
Lab,Danielle Rowley,Midlothian,Remain,62,For,For,For,For,For,Against,Against,Abstain,62,38,For,For,For,For,Lab,0.3794096947
Con,Mark Lancaster,Milton Keynes North,Remain,50,Against,Against,Against,Against,Against,For,For,Against,50,50,Against,Against,Against,Against,Con,0.4980023273
Con,Iain Stewart,Milton Keynes South,Leave,53,Against,Against,Against,Against,Against,For,For,Against,53,53,Against,Against,Against,Against,Con,0.5296084999
Lab,Siobhain McDonagh,Mitcham and Morden,Remain,55,Against,For,Against,Against,For,Against,Against,Against,55,45,Against,For,Against,For,Lab,0.4468652381
Con,Sir Paul Beresford,Mole Valley,Remain,52,Against,Against,Against,Against,Against,Against,Against,Against,52,48,Against,Against,Against,Against,Con,0.4758537833
Con,David T. C. Davies,Monmouth,Remain,52,Against,Against,Against,Against,Against,For,For,Against,52,48,Against,Against,Against,Against,Con,0.4784503008
Con,Glyn Davies,Montgomeryshire,Leave,56,Against,Against,Against,Against,Against,For,For,For,56,56,Against,Against,Against,Against,Con,0.5598584868
Con,Douglas Ross,Moray,Remain,50,Against,Against,Against,Against,Against,Abstain,Abstain,Against,50,50,Against,Against,Against,Against,Con,0.4987319669
Con,David Morris,Morecambe and Lunesdale,Leave,59,Against,Against,Against,Against,Against,Against,Against,Against,59,59,Against,Against,Against,Against,Con,0.5891294279
Con,Andrea Jenkyns,Morley and Outwood,Leave,60,Against,Against,Against,Against,Against,For,For,Against,60,60,Against,Against,Against,Against,Con,0.5978587835
SNP,Marion Fellows,Motherwell and Wishaw,Remain,63,Abstain,For,Abstain,Abstain,For,Against,Against,Against,63,37,Abstain,For,For,For,Other,0.3697252683
SNP,Angus Brendan MacNeil,Na h Eileanan an Iar,Remain,56,Abstain,Abstain,Abstain,Abstain,For,Against,Against,Against,56,44,Abstain,Abstain,Abstain,Abstain,Other,0.439006772
Lab,Christina Rees,Neath,Leave,54,For,For,For,For,Abstain,Against,Against,Abstain,54,54,For,For,For,Abstain,Lab,0.542076298
Con,Julian Lewis,New Forest East,Leave,60,Against,Against,Against,Against,Against,For,For,Against,60,60,Against,Against,Against,Against,Con,0.5954240312
Con,Sir Desmond Swayne,New Forest West,Leave,56,Against,Against,Against,Against,Against,For,For,Against,56,56,Against,Against,Against,Against,Con,0.5587861576
Con,Robert Jenrick,Newark,Leave,56,Against,Against,Against,Against,Against,For,Against,Against,56,56,Against,Against,Against,Against,Con,0.5575331126
Con,Richard Benyon,Newbury,Remain,52,For,Against,Against,For,Against,Against,Against,Against,52,48,For,Against,For,Against,Con,0.4751037638
Lab,Paul Farrelly,Newcastle under Lyme,Leave,62,For,For,For,For,For,Against,Against,Against,62,62,For,For,For,For,Lab,0.6166735906
Lab,Chi Onwurah,Newcastle upon Tyne Central,Remain,52,For,For,For,For,For,Against,Against,Against,52,48,For,For,For,For,Lab,0.4837449781
Lab,Nicholas Brown,Newcastle upon Tyne East,Remain,59,For,For,For,For,Abstain,Against,Against,Abstain,59,41,For,For,For,Abstain,Lab,0.4113020255
Lab,Catherine McKinnell,Newcastle upon Tyne North,Leave,57,For,For,For,Abstain,For,Against,Against,Against,57,57,For,For,Abstain,For,Lab,0.5714743293
Lab,Jessica Morden,Newport East,Leave,60,For,For,For,Abstain,Abstain,Against,Against,Abstain,60,60,For,For,For,Abstain,Lab,0.6025468491
Con,Anne Marie Morris,Newton Abbot,Leave,56,Against,Against,Against,Against,Against,For,Against,Against,56,56,Against,Against,Against,Against,Con,0.56101102
Lab,Yvette Cooper,Normanton Pontefract and Castle ,Leave,69,For,For,For,For,Abstain,Against,Against,Abstain,69,69,For,For,For,Abstain,Lab,0.6925528289
SNP,Patricia Gibson,North Ayrshire and Arran,Remain,58,Abstain,For,Abstain,Abstain,For,Against,Against,Against,58,42,Abstain,For,For,For,Other,0.4229065403
Con,Scott Mann,North Cornwall,Leave,60,Against,Against,Against,Against,Against,For,For,For,60,60,Against,Against,Against,Against,Con,0.6032021785
Con,Peter Heaton-Jones,North Devon,Leave,57,Against,Against,Against,Against,Against,Abstain,Against,Against,57,57,Against,Against,Against,Against,Con,0.5703847943
Con,Simon Hoare,North Dorset,Leave,56,For,Against,Against,For,Against,Against,Against,For,56,56,Abstain,Abstain,Abstain,Abstain,Con,0.5641147657
Lab,Kevan Jones,North Durham,Leave,60,For,Against,For,Against,Abstain,Against,Against,Against,60,60,For,Against,Abstain,Abstain,Lab,0.6013442628
Con,Alistair Burt,North East Bedfordshire,Leave,53,For,Abstain,Against,For,Abstain,Against,Against,For,53,53,For,Abstain,Abstain,Against,Con,0.5329326007
Con,Stephen Barclay,North East Cambridgeshire,Leave,69,Abstain,Abstain,Abstain,Abstain,Abstain,Abstain,Abstain,Abstain,69,69,Abstain,Abstain,Abstain,Abstain,Con,0.6944604007
Con,Lee Rowley,North East Derbyshire,Leave,62,Against,Against,Against,Against,Against,For,For,Against,62,62,Against,Against,Against,Against,Con,0.6217313517
SNP,Stephen Gethins,North East Fife,Remain,62,Abstain,For,Abstain,Abstain,For,Against,Against,Against,62,38,Abstain,For,For,For,Other,0.3813719637
Con,Ranil Jayawardena,North East Hampshire,Remain,54,Against,Against,Against,Against,Against,For,For,Against,54,46,Against,Against,Against,Against,Con,0.4592303848
Con,Sir Oliver Heald,North East Hertfordshire,Leave,51,For,Against,Against,Abstain,Against,Against,Against,Abstain,51,51,For,Against,Against,Against,Con,0.5137693409
Con,Jacob Rees-Mogg,North East Somerset,Leave,52,Against,Against,Against,Against,Against,For,For,Against,52,52,Against,Against,Against,Against,Con,0.5211688115
Con,Bill Wiggin,North Herefordshire,Leave,58,Against,Against,Against,Against,Against,For,For,Against,58,58,Against,Abstain,Abstain,Abstain,Con,0.5825016186
LD,Norman Lamb,North Norfolk,Leave,58,For,For,Abstain,For,Abstain,Against,Against,Abstain,58,58,For,For,For,Abstain,Other,0.5825388155
Con,Owen Paterson,North Shropshire,Leave,59,Against,Against,Against,Against,Against,For,For,Against,59,59,Against,Against,Against,Against,Con,0.5945746021
Con,Liam Fox,North Somerset,Remain,52,Abstain,Abstain,Abstain,Abstain,Abstain,Abstain,Abstain,Abstain,52,48,Abstain,Abstain,Abstain,Abstain,Con,0.4796739156
Con,Justin Tomlinson,North Swindon,Leave,57,Against,Against,Against,Against,Against,For,For,Against,57,57,Against,Against,Against,Against,Con,0.5744267235
Con,Sir Roger Gale,North Thanet,Leave,65,Against,Against,Against,Against,Against,Against,Against,Against,65,65,Against,Against,Against,Against,Con,0.6496979873
Lab,Mary Glindon,North Tyneside,Leave,59,For,Abstain,For,For,Abstain,Against,Against,Abstain,59,59,For,Against,For,Abstain,Lab,0.5936533258
Con,Craig Tracey,North Warwickshire,Leave,68,Against,Against,Against,Against,Against,For,Against,Against,68,68,Against,Against,Against,Against,Con,0.6777035648
Con,Shailesh Vara,North West Cambridgeshire,Leave,57,Against,Against,Against,Against,Against,For,For,Against,57,57,Against,Against,Against,Against,Con,0.569533401
Lab,Laura Pidcock,North West Durham,Leave,55,For,For,For,For,Abstain,Against,Against,Abstain,55,55,For,For,For,Abstain,Lab,0.5498292758
Con,Kit Malthouse,North West Hampshire,Leave,55,Against,Against,Against,Against,Against,For,For,Against,55,55,Against,Against,Against,Against,Con,0.5452543174
Con,Andrew Bridgen,North West Leicestershire,Leave,61,Against,Against,Against,Against,Against,For,For,Against,61,61,Against,Against,Against,Against,Con,0.6069847772
Con,Sir Henry Bellingham,North West Norfolk,Leave,66,Against,Against,Against,Against,Against,For,For,Against,66,66,Against,Against,Against,Against,Con,0.6614050216
Con,James Gray,North Wiltshire,Leave,50,Against,Against,Against,Against,Against,For,For,Against,50,50,Against,Against,Against,Against,Con,0.5036643267
Con,Michael Ellis,Northampton North,Leave,61,Against,Against,Against,Against,Against,For,Against,Against,61,61,Against,Against,Against,Against,Con,0.6068557353
Con,Andrew Lewer,Northampton South,Leave,60,Against,Against,Against,Against,Against,For,For,Against,60,60,Against,Against,Against,Against,Con,0.5961124246
Con,Chloe Smith,Norwich North,Leave,57,Against,Against,Against,Against,Against,Abstain,Abstain,Against,57,57,Against,Against,Against,Against,Con,0.573218222
Lab,Clive Lewis,Norwich South,Remain,60,For,For,For,Against,For,Against,Against,Against,60,40,For,For,For,For,Lab,0.4036060387
TIG,Chris Leslie,Nottingham East,Remain,57,Against,For,Against,Against,For,Against,Against,Against,57,43,Against,For,Against,For,Other,0.4287932214
Lab,Alex Norris,Nottingham North,Leave,64,For,For,For,For,Abstain,Against,Against,Abstain,64,64,For,For,For,Abstain,Lab,0.6380805601
Lab,Lilian Greenwood,Nottingham South,Remain,54,For,For,For,Abstain,For,Against,Against,Against,54,46,For,For,For,For,Lab,0.4646776483
Con,Marcus Jones,Nuneaton,Leave,65,Against,Against,Against,Against,Against,For,Against,Against,65,65,Against,Against,Against,Against,Con,0.6475463211
Con,Luke Graham,Ochil and South Perthshire,Remain,61,Against,Against,Against,Against,Against,Against,Abstain,For,61,39,For,Against,Against,Against,Con,0.3925028404
Lab,Chris Elmore,Ogmore,Leave,60,For,For,For,Abstain,For,Against,Against,Against,60,60,For,For,For,For,Lab,0.5975247001
Con,James Brokenshire,Old Bexley and Sidcup,Leave,63,Abstain,Abstain,Abstain,Abstain,Abstain,Abstain,Abstain,Abstain,63,63,Abstain,Abstain,Abstain,Abstain,Con,0.6315823144
Lab,Debbie Abrahams,Oldham East and Saddleworth,Leave,60,For,For,For,Abstain,Abstain,Against,Against,Against,60,60,For,For,Abstain,Abstain,Lab,0.5992043445
Lab,Jim McMahon,Oldham West and Royton,Leave,61,For,Abstain,For,For,Abstain,Against,Against,Abstain,61,61,For,Abstain,For,Abstain,Lab,0.6130829724
LD,Alistair Carmichael,Orkney and Shetland,Remain,60,Abstain,For,Abstain,Abstain,For,Against,Against,Abstain,60,40,Against,For,Abstain,For,Other,0.4028130825
Con,Joseph Johnson,Orpington,Leave,58,Against,For,Against,Against,Against,Against,Against,Against,58,58,Against,For,Abstain,Against,Con,0.5754149843
Lab,Anneliese Dodds,Oxford East,Remain,68,For,For,For,For,For,Against,Against,Abstain,68,32,For,For,For,For,Lab,0.3231255145
LD,Layla Moran,Oxford West and Abingdon,Remain,62,Abstain,For,Abstain,Abstain,For,Against,Against,Abstain,62,38,Abstain,For,Abstain,For,Other,0.3818095305
SNP,Gavin Newlands,Paisley and Renfrewshire North,Remain,64,Abstain,For,Abstain,Abstain,For,Against,Against,Against,64,36,Abstain,For,For,For,Other,0.3609494834
SNP,Mhairi Black,Paisley and Renfrewshire South,Remain,66,Abstain,For,Abstain,Abstain,For,Against,Against,Against,66,34,Abstain,For,For,For,Other,0.3418975385
Con,Andrew Stephenson,Pendle,Leave,63,Against,Against,Against,Against,Against,For,For,Against,63,63,Against,Against,Against,Against,Con,0.631542958
TIG,Angela Smith,Penistone and Stocksbridge,Leave,61,Against,For,Against,Against,For,Against,Against,Against,61,61,Against,For,Against,For,Other,0.6134816363
Con,Rory Stewart,Penrith and The Border,Leave,55,For,Against,Against,Abstain,Against,Against,Against,Abstain,55,55,For,Against,Abstain,Against,Con,0.5536686158
SNP,Pete Wishart,Perth and North Perthshire,Remain,60,Abstain,Abstain,Abstain,Abstain,For,Against,Against,Against,60,40,Abstain,Abstain,For,For,Other,0.4017141951
Ind,Fiona Onasanya,Peterborough,Leave,61,Against,For,Abstain,For,Abstain,Against,Against,Against,61,61,Against,For,For,Abstain,Other,0.6130959473
Con,Johnny Mercer,Plymouth Moor View,Leave,66,Against,Against,Against,Against,Against,For,Against,Against,66,66,Against,Against,Against,Against,Con,0.6644024004
Lab,Luke Pollard,Plymouth Sutton and Devonport,Leave,54,For,For,For,For,For,Against,Against,Against,54,54,For,For,For,For,Lab,0.5440523532
Lab,Owen Smith,Pontypridd,Remain,54,Abstain,For,Abstain,Against,For,Against,Against,Against,54,46,Against,For,Against,For,Lab,0.4581995036
Con,Sir Robert Syms,Poole,Leave,57,Against,Against,Against,Against,Against,For,Against,Against,57,57,Against,Against,Against,Against,Con,0.5694324444
Lab,Jim Fitzpatrick,Poplar and Limehouse,Remain,66,For,Against,For,Against,Abstain,Against,Against,Against,66,34,For,Abstain,Abstain,For,Lab,0.3418642886
Con,Penny Mordaunt,Portsmouth North,Leave,64,Abstain,Abstain,Abstain,Abstain,Abstain,Abstain,Abstain,Abstain,64,64,Abstain,Abstain,Abstain,Abstain,Con,0.6369341446
Lab,Stephen Morgan,Portsmouth South,Leave,52,For,For,For,Against,For,Against,Against,Against,52,52,For,For,For,For,Lab,0.517630344
Con,Stephen Crabb,Preseli Pembrokeshire,Leave,56,For,Against,Against,For,Against,Against,Against,For,56,56,Against,Against,Against,Against,Con,0.5576907309
Lab,Sir Mark Hendrick,Preston,Leave,57,For,For,For,For,For,Against,Against,For,57,57,For,For,For,For,Lab,0.5685128315
Con,Stuart Andrew,Pudsey,Remain,52,Against,Against,Against,Against,Against,For,For,Against,52,48,Against,Against,Against,Against,Con,0.4835271501
Con,Justine Greening,Putney,Remain,73,Abstain,For,Abstain,Abstain,For,Against,Abstain,Abstain,73,27,Abstain,For,Abstain,For,Con,0.2685141314
Con,Mark Francois,Rayleigh and Wickford,Leave,68,Against,Against,Against,Against,Against,For,For,Against,68,68,Against,Against,Against,Against,Con,0.6788950925
Lab,Matt Rodda,Reading East,Remain,62,For,For,For,For,For,Against,Against,Abstain,62,38,For,For,For,For,Lab,0.3823854953
Con,Alok Sharma,Reading West,Leave,53,Against,Against,Against,Against,Against,Against,Against,Against,53,53,Against,Against,Against,Against,Con,0.5267668701
Lab,Anna Turley,Redcar,Leave,68,For,For,For,Abstain,For,Against,Against,Against,68,68,For,For,Abstain,For,Lab,0.6757391852
Con,Rachel Maclean,Redditch,Leave,61,Against,Against,Against,Against,Against,For,For,Against,61,61,Against,Against,Against,Against,Con,0.6141973496
Con,Crispin Blunt,Reigate,Remain,52,Against,Against,Against,Against,Against,For,For,Against,52,48,Against,Against,Against,Against,Con,0.4779435149
Lab,Chris Bryant,Rhondda,Leave,61,For,For,For,For,Abstain,Against,Against,Against,61,61,For,For,For,For,Lab,0.6124288659
Con,Nigel Evans,Ribble Valley,Leave,59,Against,Against,Against,Against,Against,For,For,Against,59,59,Against,Against,Against,Against,Con,0.5868051438
Con,Zac Goldsmith,Richmond Park,Remain,72,Against,Against,Against,Against,Against,For,For,Against,72,28,Against,Against,Against,Against,Con,0.2770387111
Con,Rishi Sunak,Richmond Yorks ,Leave,55,Against,Against,Against,Against,Against,For,For,Against,55,55,Against,Against,Against,Against,Con,0.5469912898
Lab,Tony Lloyd,Rochdale,Leave,57,For,For,For,For,Abstain,Against,Against,Against,57,57,For,For,For,Abstain,Lab,0.5745003587
Con,Kelly Tolhurst,Rochester and Strood,Leave,64,Against,Against,Against,Against,Against,For,Against,Against,64,64,Against,Against,Against,Against,Con,0.6368812299
Con,James Duddridge,Rochford and Southend East,Leave,60,Against,Against,Against,Against,Against,For,For,Against,60,60,Against,Against,Against,Against,Con,0.6045520412
Con,Andrew Rosindell,Romford,Leave,69,Against,Against,Against,Against,Against,For,For,Against,69,69,Against,Against,Against,Against,Con,0.6928564916
Con,Caroline Nokes,Romsey and Southampton North,Remain,54,Abstain,Abstain,Abstain,Abstain,Abstain,Abstain,Abstain,Abstain,54,46,Abstain,Abstain,Abstain,Abstain,Con,0.4580927726
SNP,Ian Blackford,Ross Skye and Lochaber,Remain,57,Abstain,For,Abstain,Abstain,For,Against,Against,Against,57,43,Abstain,For,For,For,Other,0.4335221268
Con,Jake Berry,Rossendale and Darwen,Leave,59,Against,Against,Against,Against,Against,For,Against,Against,59,59,Against,Against,Against,Against,Con,0.5859130289
Lab,Sir Kevin Barron,Rother Valley,Leave,67,For,Against,Abstain,Against,Against,Against,Against,Against,67,67,For,Against,Against,Against,Lab,0.6672198864
Lab,Sarah Champion,Rotherham,Leave,68,For,Against,For,Against,Against,Against,Against,Against,68,68,For,Against,Against,Against,Lab,0.6834596314
Con,Mark Pawsey,Rugby,Leave,58,For,Against,Against,For,Against,Against,Against,For,58,58,For,Against,For,Against,Con,0.5836766023
Con,Nick Hurd,Ruislip Northwood and Pinner,Remain,51,Abstain,Abstain,Against,Abstain,Against,Against,Against,Abstain,51,49,Abstain,Abstain,Abstain,Against,Con,0.490205247
Con,Philip Hammond,Runnymede and Weybridge,Remain,50,Abstain,Abstain,Abstain,Abstain,Abstain,Abstain,Abstain,Abstain,50,50,Abstain,Abstain,Abstain,Abstain,Con,0.498002617
Con,Kenneth Clarke,Rushcliffe,Remain,59,For,Abstain,For,For,For,Against,Against,Against,59,41,For,Abstain,For,For,Con,0.4130787973
Lab,Ged Killen,Rutherglen and Hamilton West,Remain,63,For,For,For,Abstain,For,Against,Against,Against,63,37,For,For,Abstain,For,Lab,0.3734174153
Con,Sir Alan Duncan,Rutland and Melton,Leave,54,Abstain,Against,Against,Abstain,For,Against,Against,Abstain,54,54,For,Against,Abstain,Against,Con,0.5395742598
Con,Kemi Badenoch,Saffron Walden,Leave,51,Against,Against,Against,Against,Against,Abstain,For,Against,51,51,Against,Against,Against,Against,Con,0.5092493593
Lab,Rebecca Long Bailey,Salford and Eccles,Leave,54,For,For,For,For,Abstain,Against,Against,Abstain,54,54,For,For,For,Abstain,Lab,0.5359345748
Con,John Glen,Salisbury,Leave,50,Against,Against,Against,Against,Against,Against,Against,Against,50,50,Against,Against,Against,Against,Con,0.5033849157
Con,Robert Goodwill,Scarborough and Whitby,Leave,61,Against,Against,Against,Against,Against,For,Against,Against,61,61,Against,Against,Against,Against,Con,0.6136997032
Lab,Nic Dakin,Scunthorpe,Leave,69,For,For,For,Abstain,Abstain,Against,Against,Abstain,69,69,For,For,For,Abstain,Lab,0.6908634102
Lab,Phil Wilson,Sedgefield,Leave,59,For,For,For,For,Abstain,Against,Against,Abstain,59,59,For,For,For,For,Lab,0.5894880672
Lab,Bill Esterson,Sefton Central,Remain,55,For,For,For,For,For,Against,Against,Against,55,45,For,For,For,For,Lab,0.4512582863
Con,Nigel Adams,Selby and Ainsty,Leave,58,Against,Against,Against,Against,Against,Abstain,For,Against,58,58,Against,Against,Against,Against,Con,0.5778823154
Con,Sir Michael Fallon,Sevenoaks,Leave,54,Against,Against,Against,Abstain,Against,Against,For,For,54,54,Against,Against,Against,Against,Con,0.538611222
Lab,Gill Furniss,Sheffield Brightside and Hillsb ,Leave,61,For,For,For,For,Abstain,Against,Against,Abstain,61,61,For,For,For,Abstain,Lab,0.6143934634
Lab,Paul Blomfield,Sheffield Central,Remain,70,For,For,For,For,For,Against,Against,Against,70,30,For,For,For,For,Lab,0.3040721727
Ind,Jared O'Mara,Sheffield Hallam,Remain,64,Abstain,Abstain,Abstain,Abstain,Abstain,Abstain,Abstain,Abstain,64,36,For,For,For,Abstain,Other,0.3590070068
Lab,Louise Haigh,Sheffield Heeley,Leave,58,For,For,For,For,For,Against,Against,Against,58,58,For,For,For,Abstain,Lab,0.5760591914
Lab,Clive Betts,Sheffield South East,Leave,66,For,For,For,For,For,Against,Against,Against,66,66,For,For,For,Abstain,Lab,0.6648992714
Con,Mark Spencer,Sherwood,Leave,64,Against,Against,Against,Against,Against,For,Abstain,Against,64,64,Against,Against,Against,Against,Con,0.6376245162
Con,Philip Davies,Shipley,Leave,52,Against,Against,Against,Against,Against,For,For,Against,52,52,Against,Against,Against,Against,Con,0.5221134452
Con,Daniel Kawczynski,Shrewsbury and Atcham,Leave,53,Against,Against,Against,Against,Against,For,Against,Against,53,53,Against,Against,Against,Against,Con,0.5301679598
Con,Gordon Henderson,Sittingbourne and Sheppey,Leave,66,Against,Against,Against,Against,Against,For,For,For,66,66,Against,Against,Against,Against,Con,0.6576125356
Con,Julian Smith,Skipton and Ripon,Leave,53,Abstain,Abstain,Abstain,Abstain,Abstain,Abstain,Abstain,Abstain,53,53,Abstain,Abstain,Abstain,Abstain,Con,0.5303345057
Con,Caroline Johnson,Sleaford and North Hykeham,Leave,62,Against,Against,Against,Against,Against,For,For,Against,62,62,Against,Against,Against,Against,Con,0.6153246901
Lab,Tanmanjeet Singh Dhesi,Slough,Leave,54,For,For,For,For,Abstain,Against,Against,Abstain,54,54,For,For,For,Abstain,Lab,0.5410037979
Con,Julian Knight,Solihull,Leave,53,Against,Against,Against,Against,Against,Abstain,For,For,53,53,Against,Against,Abstain,Against,Con,0.5334830853
Con,David Warburton,Somerton and Frome,Leave,51,Against,Against,Against,Against,Against,For,For,For,51,51,Against,Against,Against,Against,Con,0.5096199022
Con,Stephen Metcalfe,South Basildon and East Thurrock,Leave,73,Against,Against,Against,Against,Against,For,For,Against,73,73,Against,Against,Against,Against,Con,0.7307870602
TIG,Heidi Allen,South Cambridgeshire,Remain,62,Against,For,Against,Against,For,Against,Abstain,Against,62,38,Against,For,Against,For,Other,0.3844375957
Con,Heather Wheeler,South Derbyshire,Leave,60,Against,Against,Against,Against,Against,For,For,Against,60,60,Against,Against,Against,Against,Con,0.6035100097
Con,Richard Drax,South Dorset,Leave,59,Against,Against,Against,Against,Against,For,For,Against,59,59,Against,Against,Against,Against,Con,0.5949281068
Con,Lucy Frazer,South East Cambridgeshire,Remain,55,Abstain,Against,Against,Against,Against,Against,Abstain,Against,55,45,Abstain,Against,Against,Against,Con,0.4498843746
Con,Sheryll Murray,South East Cornwall,Leave,55,Against,Against,Against,Against,Against,For,For,Against,55,55,Against,Against,Against,Against,Con,0.5494650187
Con,Sir John Hayes,South Holland and The Deepings,Leave,71,Against,Against,Against,Against,Against,For,For,Against,71,71,Abstain,Abstain,Abstain,Abstain,Con,0.7117795959
Con,Alberto Costa,South Leicestershire,Leave,58,Against,Against,Against,For,Against,Against,Against,For,58,58,For,Against,Against,Against,Con,0.5821654142
Con,Richard Bacon,South Norfolk,Leave,51,Against,Against,Against,Against,Against,For,For,Against,51,51,Against,Against,Against,Against,Con,0.5110654367
Con,Andrea Leadsom,South Northamptonshire,Leave,53,Abstain,Abstain,Abstain,Abstain,Abstain,Abstain,Abstain,Abstain,53,53,Abstain,Abstain,Abstain,Abstain,Con,0.5267258407
Con,Seema Kennedy,South Ribble,Leave,57,Against,Against,Against,Against,Against,Against,Against,Against,57,57,Against,Against,Against,Against,Con,0.5685420467
Lab,Emma Lewell-Buck,South Shields,Leave,62,For,Against,For,Abstain,Abstain,Against,Against,Abstain,62,62,For,Against,Against,Against,Lab,0.6205253267
Con,Gavin Williamson,South Staffordshire,Leave,65,Abstain,Abstain,Abstain,Abstain,Abstain,Abstain,Abstain,Abstain,65,65,Abstain,Abstain,Abstain,Abstain,Con,0.6524281719
Con,James Cartlidge,South Suffolk,Leave,54,Against,Against,Against,For,Against,Against,Against,For,54,54,Against,Against,For,Against,Con,0.5415032318
Con,Robert Buckland,South Swindon,Leave,52,Against,Against,Against,Against,Against,Against,Against,Against,52,52,For,Against,Against,Against,Con,0.5157444245
Con,Craig Mackinlay,South Thanet,Leave,62,Against,Against,Against,Against,Against,For,For,Against,62,62,Against,Against,Against,Against,Con,0.6163407657
Con,Andrew Selous,South West Bedfordshire,Leave,59,Against,Against,Against,Against,Against,Abstain,Abstain,Against,59,59,Against,Against,Against,Against,Con,0.5861080917
Con,Sir Gary Streeter,South West Devon,Leave,55,Against,Against,Against,Against,Against,Against,Against,For,55,55,Against,Against,Against,Against,Con,0.5522960826
Con,David Gauke,South West Hertfordshire,Remain,54,Abstain,Abstain,Abstain,Abstain,Abstain,Abstain,Abstain,Abstain,54,46,Abstain,Abstain,Abstain,Abstain,Con,0.4637440658
Con,Elizabeth Truss,South West Norfolk,Leave,66,Abstain,Abstain,Abstain,Abstain,Abstain,Abstain,Abstain,Abstain,66,66,Abstain,Abstain,Abstain,Abstain,Con,0.6625166752
Con,Jeremy Hunt,South West Surrey,Remain,59,Abstain,Abstain,Abstain,Abstain,Abstain,Abstain,Abstain,Abstain,59,41,Abstain,Abstain,Abstain,Abstain,Con,0.4060791595
Con,Andrew Murrison,South West Wiltshire,Leave,58,Against,Against,Against,Against,Against,For,Abstain,Abstain,58,58,Against,Against,Against,Against,Con,0.5768707336
Con,Royston Smith,Southampton Itchen,Leave,60,Against,Against,Against,Against,Against,For,For,Against,60,60,Against,Against,Against,Against,Con,0.5995870197
Lab,Alan Whitehead,Southampton Test,Leave,51,For,For,For,For,For,Against,Against,Against,51,51,For,For,For,For,Lab,0.5065283649
Con,Sir David Amess,Southend West,Leave,55,Against,Against,Against,Against,Against,For,For,Against,55,55,Against,Against,Against,Against,Con,0.5507458096
Con,Damien Moore,Southport,Remain,54,Against,Against,Against,Against,Against,Against,Against,Against,54,46,Against,Against,Against,Against,Con,0.455067037
Con,Kwasi Kwarteng,Spelthorne,Leave,60,Against,Against,Against,Against,Against,For,Against,Against,60,60,Against,Against,Against,Against,Con,0.60299599
Con,Anne Main,St Albans,Remain,62,Against,Against,Against,Against,Against,For,For,Against,62,38,Against,Against,Against,Against,Con,0.3801529694
Con,Steve Double,St Austell and Newquay,Leave,64,Against,Against,Against,Against,Against,For,For,Against,64,64,Against,Against,Against,Against,Con,0.6350799896
Lab,Conor McGinn,St Helens North,Leave,58,For,For,For,For,Abstain,Against,Against,Abstain,58,58,For,For,For,For,Lab,0.582912107
Lab,Marie Rimmer,St Helens South and Whiston,Leave,56,For,For,For,For,For,Against,Against,Against,56,56,For,For,Abstain,Abstain,Lab,0.5611943015
Con,Derek Thomas,St Ives,Leave,55,Against,Against,Against,Against,Against,For,For,For,55,55,Against,Against,Against,Against,Con,0.5512600721
Con,Jeremy Lefroy,Stafford,Leave,57,For,Abstain,Abstain,For,Abstain,Against,Abstain,For,57,57,For,Against,For,Against,Con,0.5721842569
Con,Karen Bradley,Staffordshire Moorlands,Leave,65,Abstain,Abstain,Abstain,Abstain,Abstain,Abstain,Abstain,Abstain,65,65,Abstain,Abstain,Abstain,Abstain,Con,0.6458231542
Lab,Jonathan Reynolds,Stalybridge and Hyde,Leave,59,For,For,For,For,Abstain,Against,Against,Abstain,59,59,For,For,For,Abstain,Lab,0.592907293
Con,Stephen McPartland,Stevenage,Leave,57,Against,Against,Against,Against,Against,For,For,Against,57,57,Against,Against,Against,Against,Con,0.5712019136
Con,Stephen Kerr,Stirling,Remain,68,Against,Against,Against,Against,Against,Against,Against,For,68,32,Against,Against,For,Against,Con,0.3219611271
TIG,Ann Coffey,Stockport,Remain,53,Against,For,Against,Against,For,Against,Against,Against,53,47,Against,For,Against,For,Other,0.4678932179
Lab,Alex Cunningham,Stockton North,Leave,67,For,For,For,For,For,Against,Against,Against,67,67,For,For,For,Abstain,Lab,0.6650023263
Lab,Paul Williams,Stockton South,Leave,58,Against,For,For,Against,For,Against,Against,Against,58,58,Against,For,Against,For,Lab,0.5780350318
Lab,Gareth Snell,Stoke on Trent Central,Leave,65,For,Against,For,Against,Against,Against,Against,Against,65,65,For,Against,Against,Against,Lab,0.6501656311
Lab,Ruth Smeeth,Stoke on Trent North,Leave,72,For,Against,For,Against,Against,Against,Against,Against,72,72,For,Against,Against,Against,Lab,0.7212336987
Con,Jack Brereton,Stoke on Trent South,Leave,71,Against,Against,Against,Against,Against,For,For,Against,71,71,Against,Against,Against,Against,Con,0.7084797992
Con,Sir William Cash,Stone,Leave,58,Against,Against,Against,Against,Against,For,For,Against,58,58,Against,Against,Against,Against,Con,0.5804241671
Con,Margot James,Stourbridge,Leave,64,For,Abstain,Against,For,Abstain,Against,Against,Abstain,64,64,For,For,Abstain,Abstain,Con,0.6366398328
Con,Nadhim Zahawi,Stratford on Avon,Leave,51,Against,Against,Against,Abstain,Against,Abstain,Abstain,Abstain,51,51,Against,Against,Against,Against,Con,0.5116542882
TIG,Chuka Umunna,Streatham,Remain,79,Against,For,Against,Against,For,Against,Against,Against,79,21,Against,For,Against,For,Other,0.2053967406
Lab,Kate Green,Stretford and Urmston,Remain,52,For,For,For,Abstain,For,Against,Against,Against,52,48,For,For,For,For,Lab,0.4846768539
Lab,David Drew,Stroud,Remain,54,For,For,For,For,For,Against,Against,Abstain,54,46,For,For,For,For,Lab,0.4598749413
Con,Thrse Coffey,Suffolk Coastal,Leave,56,Against,Against,Against,Against,Against,Abstain,Abstain,Against,56,56,Against,Against,Against,Against,Con,0.5581571415
Lab,Julie Elliott,Sunderland Central,Leave,60,For,For,For,Abstain,Abstain,Against,Against,Abstain,60,60,For,For,Abstain,Abstain,Lab,0.5993816529
Con,Michael Gove,Surrey Heath,Leave,52,Abstain,Abstain,Abstain,Abstain,Abstain,Abstain,Abstain,Abstain,52,52,Abstain,Abstain,Abstain,Abstain,Con,0.5199617565
Con,Paul Scully,Sutton and Cheam,Leave,51,Against,Against,Against,Against,Against,For,For,Against,51,51,Against,Against,Against,Against,Con,0.5126743332
Con,Andrew Mitchell,Sutton Coldfield,Leave,52,For,Against,Against,Abstain,Against,For,For,Abstain,52,52,For,Against,Abstain,Against,Con,0.5167437686
Lab,Carolyn Harris,Swansea East,Leave,62,For,Abstain,For,For,Abstain,Against,Against,Abstain,62,62,For,Abstain,For,Abstain,Lab,0.620992238
Lab,Geraint Davies,Swansea West,Remain,57,For,For,For,Abstain,For,Against,Against,Against,57,43,For,For,Abstain,For,Lab,0.4265852976
Con,Christopher Pincher,Tamworth,Leave,66,Against,Against,Against,Against,Against,For,For,Against,66,66,Against,Against,Against,Against,Con,0.660041137
Con,Esther McVey,Tatton,Remain,54,Against,Against,Against,Against,Against,For,For,Against,54,46,Against,Against,Against,Against,Con,0.4583063
Con,Rebecca Pow,Taunton Deane,Leave,53,Against,Against,Against,Abstain,Against,Against,Against,For,53,53,Against,Against,For,Against,Con,0.5292471057
Con,Lucy Allan,Telford,Leave,67,Abstain,Abstain,Abstain,Abstain,Abstain,Abstain,Abstain,Abstain,67,67,Against,Against,Against,Against,Con,0.670579494
Con,Laurence Robertson,Tewkesbury,Leave,54,Against,Against,Against,Against,Against,For,For,Against,54,54,Against,Against,Against,Against,Con,0.537790386
Con,Sir Geoffrey Clifton-Brown,The Cotswolds,Remain,52,Against,Against,Against,Against,Against,For,For,Against,52,48,Against,Against,Against,Against,Con,0.4779690542
Con,Mark Pritchard,The Wrekin,Leave,58,Against,Against,Against,Against,Against,For,Against,Against,58,58,Against,Against,Against,Against,Con,0.5824790771
Con,Kevin Hollinrake,Thirsk and Malton,Leave,56,Against,Against,Against,For,Against,Against,Against,For,56,56,Against,Against,For,Against,Con,0.5642595163
Con,Luke Hall,Thornbury and Yate,Leave,53,Against,Against,Against,Against,Against,Against,Against,Against,53,53,Against,Against,Against,Against,Con,0.5332839051
Con,Jackie Doyle-Price,Thurrock,Leave,70,Against,Against,Against,Against,Against,For,Against,Against,70,70,Against,Against,Against,Against,Con,0.7025913649
Con,Neil Parish,Tiverton and Honiton,Leave,58,Against,Against,Against,Abstain,Against,For,For,For,58,58,Against,Against,Abstain,Against,Con,0.5762505819
Con,Tom Tugendhat,Tonbridge and Malling,Leave,53,Abstain,Against,Abstain,Abstain,Against,Abstain,Abstain,Abstain,53,53,Against,Against,Against,Against,Con,0.5258550506
Lab,Rosena Allin-Khan,Tooting,Remain,75,For,For,For,Against,For,Against,Against,Against,75,25,For,For,For,For,Lab,0.2532017438
Con,Kevin Foster,Torbay,Leave,63,Against,Against,Against,Against,Against,For,Against,For,63,63,Against,Against,Against,Against,Con,0.6265951073
Lab,Nick Thomas-Symonds,Torfaen,Leave,61,For,For,For,Abstain,Abstain,Against,Against,Abstain,61,61,For,For,For,Abstain,Lab,0.6088015426
Con,Geoffrey Cox,Torridge and West Devon,Leave,57,Abstain,Abstain,Abstain,Abstain,Abstain,Abstain,Abstain,Abstain,57,57,Abstain,Abstain,Abstain,Abstain,Con,0.5707446545
TIG,Sarah Wollaston,Totnes,Leave,54,Against,For,Against,Against,For,Against,Against,Against,54,54,Against,For,Against,For,Other,0.5408686983
Lab,David Lammy,Tottenham,Remain,76,Abstain,For,For,Abstain,For,Against,Against,Against,76,24,Abstain,For,Abstain,For,Lab,0.2377702633
Con,Sarah Newton,Truro and Falmouth,Remain,54,For,Abstain,Against,Abstain,Abstain,Against,Against,For,54,46,For,Abstain,For,Abstain,Con,0.4622133598
Con,Greg Clark,Tunbridge Wells,Remain,55,Abstain,Abstain,Abstain,Abstain,Abstain,Abstain,Abstain,Abstain,55,45,Abstain,Abstain,Abstain,Abstain,Con,0.4470139079
LD,Sir Vince Cable,Twickenham,Remain,66,Abstain,For,Against,Abstain,For,Against,Against,Against,66,34,Abstain,For,Abstain,For,Other,0.3367556087
Lab,Sir Alan Campbell,Tynemouth,Remain,52,For,For,For,Abstain,Abstain,Against,Against,Abstain,52,48,For,For,For,Abstain,Lab,0.4784100909
Con,Boris Johnson,Uxbridge and South Ruislip,Leave,56,Against,Against,Against,Against,Against,For,For,Against,56,56,Against,Against,Against,Against,Con,0.5635574865
Lab,Chris Ruane,Vale of Clwyd,Leave,56,For,For,For,For,Abstain,Against,Against,Against,56,56,For,For,For,For,Lab,0.559417007
Con,Alun Cairns,Vale of Glamorgan,Leave,52,Abstain,Abstain,Abstain,Abstain,Abstain,Abstain,Abstain,Abstain,52,52,Abstain,Abstain,Abstain,Abstain,Con,0.5234642603
Lab,Kate Hoey,Vauxhall,Remain,78,Against,Against,Abstain,Against,Against,For,For,Abstain,78,22,Against,Against,Against,Against,Lab,0.2242839619
Lab,Mary Creagh,Wakefield,Leave,63,For,For,For,Abstain,For,Against,Against,Against,63,63,For,For,Abstain,For,Lab,0.6276506725
Lab,Angela Eagle,Wallasey,Remain,50,For,For,For,Abstain,For,Against,Against,Abstain,50,50,For,For,For,For,Lab,0.4992311963
Con,Eddie Hughes,Walsall North,Leave,74,Against,Against,Against,Against,Against,For,For,Against,74,74,Against,Against,Against,Against,Con,0.7418521817
Lab,Valerie Vaz,Walsall South,Leave,62,For,For,For,For,Abstain,Against,Against,Abstain,62,62,For,For,For,Abstain,Lab,0.6163527587
Lab,Stella Creasy,Walthamstow,Remain,67,For,For,For,Abstain,For,Against,Against,Against,67,33,For,For,For,For,Lab,0.3348858552
Lab,Ian Lavery,Wansbeck,Leave,56,For,Abstain,For,For,Abstain,Against,For,Abstain,56,56,For,Abstain,For,Abstain,Lab,0.5619074863
Con,Edward Vaizey,Wantage,Remain,54,For,Abstain,Against,For,Abstain,Against,Against,For,54,46,For,For,For,For,Con,0.4643220697
Lab,John Spellar,Warley,Leave,62,For,Against,For,Against,Against,Against,Against,Against,62,62,For,Abstain,Against,Abstain,Lab,0.6182570994
Lab,Helen Jones,Warrington North,Leave,59,For,Against,For,For,Against,Against,Against,Against,59,59,For,Against,For,Against,Lab,0.5864758174
Lab,Faisal Rashid,Warrington South,Leave,51,For,For,For,For,For,Against,Against,Abstain,51,51,For,For,For,For,Lab,0.5062010223
Lab,Matt Western,Warwick and Leamington,Remain,59,For,For,For,For,For,Against,Against,Against,59,41,For,For,For,For,Lab,0.4112854182
Lab,Sharon Hodgson,Washington and Sunderland West,Leave,62,For,For,For,For,Abstain,Against,Against,Against,62,62,For,For,For,Abstain,Lab,0.618513324
Con,Richard Harrington,Watford,Leave,51,For,Abstain,Against,For,For,Against,Against,Abstain,51,51,For,For,For,For,Con,0.5118404276
Con,Peter Aldous,Waveney,Leave,63,Against,Against,Against,Against,Against,Against,Against,For,63,63,Against,Against,Against,Against,Con,0.6320988539
Con,Nusrat Ghani,Wealden,Leave,53,Against,Against,Against,Against,Against,For,Against,Against,53,53,Against,Against,Against,Against,Con,0.5254627488
Lab,Mike Amesbury,Weaver Vale,Leave,50,For,For,For,For,Abstain,Against,Against,Abstain,50,50,For,For,For,Abstain,Lab,0.50198502
Con,Peter Bone,Wellingborough,Leave,63,Against,Against,Against,Against,Against,For,For,Against,63,63,Against,Against,Against,Against,Con,0.6293857655
Con,James Heappey,Wells,Leave,53,Against,Against,Against,Against,Against,Abstain,Abstain,Against,53,53,Against,Against,Against,Against,Con,0.534930546
Con,Grant Shapps,Welwyn Hatfield,Leave,53,Against,Against,Against,Against,Against,For,For,Against,53,53,Against,Against,Against,Against,Con,0.5253524015
Lab,John Healey,Wentworth and Dearne,Leave,69,For,For,For,Abstain,Abstain,Against,Abstain,Abstain,69,69,For,For,For,Abstain,Lab,0.689750761
Con,Andrew Bowie,West Aberdeenshire and Kincardine,Remain,61,Against,Against,Against,Against,Against,Against,Against,Against,61,39,Against,Against,Against,Against,Con,0.3860722321
Lab,Tom Watson,West Bromwich East,Leave,68,For,For,For,For,Abstain,Against,Against,Abstain,68,68,For,For,For,Abstain,Lab,0.6759402633
Lab,Adrian Bailey,West Bromwich West,Leave,69,For,For,For,For,Abstain,Against,Against,Abstain,69,69,For,For,For,For,Lab,0.6913566785
Con,Sir Oliver Letwin,West Dorset,Leave,51,For,Against,Against,For,Against,Against,Against,For,51,51,For,Abstain,For,Abstain,Con,0.5099666169
SNP,Martin Docherty-Hughes,West Dunbartonshire,Remain,62,Abstain,For,Abstain,Abstain,For,Against,Against,Against,62,38,Abstain,For,For,For,Other,0.3800555298
Lab,Lyn Brown,West Ham,Remain,53,For,For,For,Abstain,For,Against,Against,Against,53,47,For,For,For,For,Lab,0.4737574112
Lab,Rosie Cooper,West Lancashire,Leave,55,For,Against,For,Against,Against,Against,Against,Against,55,55,For,Against,Against,Against,Lab,0.5493803945
Con,Matt Hancock,West Suffolk,Leave,63,Abstain,Abstain,Abstain,Abstain,Abstain,Abstain,Abstain,Abstain,63,63,Abstain,Abstain,Abstain,Abstain,Con,0.6326052758
Con,Harriett Baldwin,West Worcestershire,Leave,53,Against,Against,Against,Against,Against,Abstain,Abstain,Abstain,53,53,Against,Against,Against,Against,Con,0.5258070914
Lab,Karen Buck,Westminster North,Remain,67,For,For,For,Abstain,For,Against,Against,Against,67,33,For,For,For,For,Lab,0.3297510088
LD,Tim Farron,Westmorland and Lonsdale,Remain,53,Abstain,For,Abstain,Abstain,For,Against,Against,Abstain,53,47,Abstain,For,For,For,Other,0.4745074061
Con,John Penrose,Weston super Mare,None,None,Against,Against,Against,For,Against,For,For,For,NA,NA,Against,Against,For,Against,Con,0.5666096718
Lab,Lisa Nandy,Wigan,Leave,63,For,Abstain,For,For,For,Against,Abstain,Abstain,63,63,For,Abstain,For,For,Lab,0.6271327758
Con,Stephen Hammond,Wimbledon,Remain,71,For,Abstain,Against,For,For,Against,Against,For,71,29,For,Abstain,For,Abstain,Con,0.2936939468
Con,Steve Brine,Winchester,Remain,60,For,Abstain,Against,For,Abstain,Against,Against,For,60,40,For,For,For,Abstain,Con,0.3971032124
Con,Adam Afriyie,Windsor,Remain,54,Against,Against,Against,Against,Against,For,For,Against,54,46,Against,Against,Against,Against,Con,0.4608509373
Lab,Alison McGovern,Wirral South,Remain,53,For,For,For,Abstain,Abstain,Against,Against,Against,53,47,For,For,For,For,Lab,0.4654894164
Lab,Margaret Greenwood,Wirral West,Remain,55,For,For,For,Abstain,Abstain,Against,Against,Abstain,55,45,For,For,For,Abstain,Lab,0.4469019958
Con,Priti Patel,Witham,Leave,61,Against,Against,Against,Against,Against,For,For,Against,61,61,Against,Against,Against,Against,Con,0.6083046754
Con,Robert Courts,Witney,Remain,54,Against,Against,Against,Against,Against,For,For,For,54,46,Against,Against,Against,Against,Con,0.4634465746
Con,Jonathan Lord,Woking,Remain,56,Against,Against,Against,Against,Against,For,For,Against,56,44,Against,Against,Against,Against,Con,0.4405758349
Con,John Redwood,Wokingham,Remain,58,Against,Against,Against,Against,Against,For,Against,Against,58,42,Against,Against,Against,Against,Con,0.4246933515
Lab,Emma Reynolds,Wolverhampton North East,Leave,68,For,For,For,For,Abstain,Against,Against,Against,68,68,For,For,For,Abstain,Lab,0.6770525193
Lab,Pat McFadden,Wolverhampton South East,Leave,68,For,For,For,Abstain,Abstain,Against,Against,Against,68,68,For,For,For,Abstain,Lab,0.681449563
Lab,Eleanor Smith,Wolverhampton South West,Leave,54,For,For,For,For,Abstain,Against,Against,Abstain,54,54,For,For,For,Abstain,Lab,0.5436750208
Con,Robin Walker,Worcester,Leave,54,Abstain,Against,Against,Against,Against,Against,Against,Against,54,54,Against,Against,Against,Against,Con,0.5367724331
Lab,Sue Hayman,Workington,Leave,60,For,For,For,For,Abstain,Against,Against,Abstain,60,60,For,For,For,Abstain,Lab,0.6031954085
Lab,Barbara Keeley,Worsley and Eccles South,Leave,60,For,For,For,Abstain,Abstain,Against,Against,Abstain,60,60,For,For,For,Abstain,Lab,0.5979113324
Con,Sir Peter Bottomley,Worthing West,Leave,56,Against,Against,Against,Against,Against,Against,Abstain,Against,56,56,Against,Against,Against,Against,Con,0.561226606
Lab,Ian C. Lucas,Wrexham,Leave,57,For,For,For,For,Against,Against,Against,Against,57,57,For,For,For,Abstain,Lab,0.5733141838
Con,Steve Baker,Wycombe,Remain,52,Against,Against,Against,Against,Against,For,For,Against,52,48,Against,Against,Against,Against,Con,0.4804315306
Con,Ben Wallace,Wyre and Preston North,Leave,54,Against,Against,Against,Against,Against,For,Against,For,54,54,Against,Against,Against,Against,Con,0.5403704776
Con,Mark Garnier,Wyre Forest,Leave,63,Against,Abstain,Against,Against,Against,Abstain,For,For,63,63,Abstain,For,Abstain,Against,Con,0.6314547474
Lab,Mike Kane,Wythenshawe and Sale East,Remain,50,For,Abstain,For,For,Abstain,Against,Against,Abstain,50,50,For,Abstain,For,Abstain,Lab,0.498734782
Con,Marcus Fysh,Yeovil,Leave,59,Against,Against,Against,Against,Against,For,For,Against,59,59,Against,Against,Against,Against,Con,0.5929247335
Lab,Albert Owen,Ynys Mn,Leave,51,For,For,For,For,For,Against,Against,Abstain,51,51,For,For,For,For,Lab,0.5094200416
Lab,Rachael Maskell,York Central,Remain,61,For,For,For,Against,For,Against,Against,Against,61,39,For,For,For,For,Lab,0.3853303819
Con,Julian Sturdy,York Outer,Remain,55,Against,Against,Against,Against,Against,Abstain,For,For,55,45,Against,Against,Abstain,Against,Con,0.4491634826
SF,rfhlaith Begley,West Tyrone,None,None,Abstain,Abstain,Abstain,Abstain,Abstain,Abstain,Abstain,Abstain,NA,NA,Abstain,Abstain,Abstain,Abstain,Other,NA
SF,Mickey Brady,Newry and Armagh,None,None,Abstain,Abstain,Abstain,Abstain,Abstain,Abstain,Abstain,Abstain,NA,NA,Abstain,Abstain,Abstain,Abstain,Other,NA
DUP,Gregory Campbell,East Londonderry,None,None,Against,Against,Against,Abstain,Against,Abstain,For,Abstain,NA,NA,Against,Against,Against,Against,Other,NA
DUP,Nigel Dodds,Belfast North,None,None,Against,Against,Against,Abstain,Against,Abstain,For,Abstain,NA,NA,Against,Against,Against,Against,Other,NA
DUP,Sir Jeffrey M. Donaldson,Lagan Valley,None,None,Against,Against,Against,Abstain,Against,Abstain,For,Abstain,NA,NA,Against,Against,Against,Against,Other,NA
SF,Michelle Gildernew,Fermanagh and South Tyrone,None,None,Abstain,Abstain,Abstain,Abstain,Abstain,Abstain,Abstain,Abstain,NA,NA,Abstain,Abstain,Abstain,Abstain,Other,NA
DUP,Paul Girvan,South Antrim,None,None,Against,Against,Against,Abstain,Against,Abstain,For,Abstain,NA,NA,Against,Against,Against,Against,Other,NA
SF,Chris Hazzard,South Down,None,None,Abstain,Abstain,Abstain,Abstain,Abstain,Abstain,Abstain,Abstain,NA,NA,Abstain,Abstain,Abstain,Abstain,Other,NA
Ind,Lady Hermon,North Down,None,None,Against,For,Against,Against,For,Against,Against,Against,NA,NA,Against,For,Against,For,Other,NA
DUP,Emma Little Pengelly,Belfast South,None,None,Against,Against,Against,Abstain,Against,Abstain,For,Abstain,NA,NA,Against,Against,Against,Against,Other,NA
SF,Elisha McCallion,Foyle,None,None,Abstain,Abstain,Abstain,Abstain,Abstain,Abstain,Abstain,Abstain,NA,NA,Abstain,Abstain,Abstain,Abstain,Other,NA
SF,Paul Maskey,Belfast West,None,None,Abstain,Abstain,Abstain,Abstain,Abstain,Abstain,Abstain,Abstain,NA,NA,Abstain,Abstain,Abstain,Abstain,Other,NA
SF,Francie Molloy,Mid Ulster,None,None,Abstain,Abstain,Abstain,Abstain,Abstain,Abstain,Abstain,Abstain,NA,NA,Abstain,Abstain,Abstain,Abstain,Other,NA
DUP,Ian Paisley,North Antrim,None,None,Against,Against,Against,Abstain,Against,Abstain,For,Abstain,NA,NA,Against,Against,Against,Against,Other,NA
DUP,Gavin Robinson,Belfast East,None,None,Against,Against,Against,Abstain,Against,Abstain,For,Abstain,NA,NA,Against,Against,Against,Against,Other,NA
DUP,Jim Shannon,Strangford,None,None,Against,Against,Against,Abstain,Against,Against,For,Abstain,NA,NA,Against,Against,Against,Against,Other,NA
DUP,David Simpson,Upper Bann,None,None,Against,Against,Against,Abstain,Against,Abstain,For,Abstain,NA,NA,Against,Against,Against,Against,Other,NA
DUP,Sammy Wilson,East Antrim,None,None,Against,Against,Against,Abstain,Against,Abstain,For,Abstain,NA,NA,Against,Against,Against,Against,Other,NA
