Party,Name,Constituency,ConstituencyVote,Constituency%,Vote1,Vote2,Vote3,Vote4,Vote5,Vote6,Vote7,Vote8
Lab,Graham P Jones,Hyndburn,Leave,66,For,For,For,Abstain,Abstain,Against,Against,Against
Lab,Diane Abbott,Hackney North and Stoke Newington,Remain,79,For,For,For,For,Abstain,Against,Against,Abstain
Con,Nigel Adams,Selby and Ainsty,Leave,58,Against,Against,Against,Against,Against,Abstain,For,Against
Con,Bim Afolami,Hitchin and Harpenden,Remain,60,Abstain,Against,Against,For,Against,Against,Abstain,For
Con,Adam Afriyie,Windsor,Remain,54,Against,Against,Against,Against,Against,For,For,Against
Con,Peter Aldous,Waveney,Leave,63,Against,Against,Against,Against,Against,Against,Against,For
Lab,Rushanara Ali,Bethnal Green and Bow,Remain,69,For,For,For,For,For,Against,Against,Against
Con,Lucy Allan,Telford,Leave,67,Abstain,Abstain,Abstain,Abstain,Abstain,Abstain,Abstain,Abstain
TIG,Heidi Allen,South Cambridgeshire,Remain,62,Against,For,Against,Against,For,Against,Abstain,Against
Lab,Rosena Allin-Khan,Tooting,Remain,75,For,For,For,Against,For,Against,Against,Against
Lab,Mike Amesbury,Weaver Vale,Leave,50,For,For,For,For,Abstain,Against,Against,Abstain
Con,Sir David Amess,Southend West,Leave,55,Against,Against,Against,Against,Against,For,For,Against
Con,Stuart Andrew,Pudsey,Remain,52,Against,Against,Against,Against,Against,For,For,Against
Lab,Tonia Antoniazzi,Gower,Leave,50,For,For,For,Against,For,Against,Against,Against
Con,Edward Argar,Charnwood,Leave,58,Against,Against,Against,Against,Against,Abstain,Against,Against
Lab,Jonathan Ashworth,Leicester South,Remain,57,For,For,For,For,Abstain,Against,Against,Abstain
Con,Victoria Atkins,Louth and Horncastle,Leave,69,Against,Against,Against,Against,Against,Against,Against,Against
Ind,Ian Austin,Dudley North,Leave,71,For,Against,For,For,Abstain,Against,Against,Abstain
Con,Richard Bacon,South Norfolk,Leave,51,Against,Against,Against,Against,Against,For,For,Against
Con,Kemi Badenoch,Saffron Walden,Leave,51,Against,Against,Against,Against,Against,Abstain,For,Against
Lab,Adrian Bailey,West Bromwich West,Leave,69,For,For,For,For,Abstain,Against,Against,Abstain
Con,Steve Baker,Wycombe,Remain,52,Against,Against,Against,Against,Against,For,For,Against
Con,Harriett Baldwin,West Worcestershire,Leave,53,Against,Against,Against,Against,Against,Abstain,Abstain,Abstain
Con,Stephen Barclay,North East Cambridgeshire,Leave,69,Abstain,Abstain,Abstain,Abstain,Abstain,Abstain,Abstain,Abstain
SNP,Hannah Bardell,Livingston,Remain,56,Abstain,For,Abstain,Abstain,For,Against,Against,Against
Con,John Baron,Basildon and Billericay,Leave,67,Against,Against,Against,Against,Against,For,Abstain,Against
Lab,Sir Kevin Barron,Rother Valley,Leave,67,For,Against,Abstain,Against,Against,Against,Against,Against
Con,Guto Bebb,Aberconwy,Leave,53,For,For,Against,Against,For,Against,Against,For
Lab,Margaret Beckett,Derby South,Leave,62,For,For,For,Abstain,Abstain,Against,Against,Abstain
SF,Órfhlaith Begley,West Tyrone,None,None,Abstain,Abstain,Abstain,Abstain,Abstain,Abstain,Abstain,Abstain
Con,Sir Henry Bellingham,North West Norfolk,Leave,66,Against,Against,Against,Against,Against,For,For,Against
Lab,Hilary Benn,Leeds Central,Remain,53,For,For,For,For,Abstain,Against,Against,Abstain
Con,Richard Benyon,Newbury,Remain,52,For,Against,Against,For,Against,Against,Against,Against
Oth,John Bercow,Buckingham,Remain,51,Abstain,Abstain,Abstain,Abstain,Abstain,Abstain,Abstain,Abstain
Con,Sir Paul Beresford,Mole Valley,Remain,52,Against,Against,Against,Against,Against,Against,Against,Against
TIG,Luciana Berger,Liverpool - Wavertree,Remain,64,Against,For,Against,Against,For,Against,Against,Against
Con,Jake Berry,Rossendale and Darwen,Leave,59,Against,Against,Against,Against,Against,For,Against,Against
Lab,Clive Betts,Sheffield South East,Leave,66,For,For,For,For,For,Against,Against,Against
SNP,Mhairi Black,Paisley and Renfrewshire South,Remain,66,Abstain,For,Abstain,Abstain,For,Against,Against,Against
SNP,Ian Blackford,Ross - Skye and Lochaber,Remain,57,Abstain,For,Abstain,Abstain,For,Against,Against,Against
Con,Bob Blackman,Harrow East,Remain,53,Against,Against,Against,Against,Against,For,For,For
SNP,Kirsty Blackman,Aberdeen North,Remain,57,Abstain,For,Abstain,Abstain,For,Against,Against,Against
Lab,Roberta Blackman-Woods,City of Durham,Remain,56,For,For,For,For,For,Against,Against,Abstain
Lab,Paul Blomfield,Sheffield Central,Remain,70,For,For,For,For,For,Against,Against,Against
Con,Crispin Blunt,Reigate,Remain,52,Against,Against,Against,Against,Against,For,For,Against
Con,Nick Boles,Grantham and Stamford,Leave,61,For,Abstain,Against,For,Against,Against,Against,For
Con,Peter Bone,Wellingborough,Leave,63,Against,Against,Against,Against,Against,For,For,Against
Con,Sir Peter Bottomley,Worthing West,Leave,56,Against,Against,Against,Against,Against,Against,Abstain,Against
Con,Andrew Bowie,West Aberdeenshire and Kincardine,Remain,61,Against,Against,Against,Against,Against,Against,Against,Against
Lab,Tracy Brabin,Batley and Spen,Leave,60,For,Abstain,For,For,Abstain,Against,Against,Abstain
Con,Ben Bradley,Mansfield,Leave,71,Against,Against,Against,Against,Against,For,For,Against
Con,Karen Bradley,Staffordshire Moorlands,Leave,65,Abstain,Abstain,Abstain,Abstain,Abstain,Abstain,Abstain,Abstain
Lab,Ben Bradshaw,Exeter,Remain,55,For,For,For,Abstain,For,Against,Against,Against
Con,Sir Graham Brady,Altrincham and Sale West,Remain,62,Against,Against,Against,Against,Against,Against,Against,Against
SF,Mickey Brady,Newry and Armagh,None,None,Abstain,Abstain,Abstain,Abstain,Abstain,Abstain,Abstain,Abstain
LD,Tom Brake,Carshalton and Wallington,Leave,56,Abstain,For,Abstain,Abstain,For,Against,Against,Abstain
Con,Suella Braverman,Fareham,Leave,55,Against,Against,Against,Against,Against,For,For,Against
Lab,Kevin Brennan,Cardiff West,Remain,55,For,For,For,For,For,Against,Against,Abstain
Con,Jack Brereton,Stoke-on-Trent South,Leave,71,Against,Against,Against,Against,Against,For,For,Against
Con,Andrew Bridgen,North West Leicestershire,Leave,61,Against,Against,Against,Against,Against,For,For,Against
Con,Steve Brine,Winchester,Remain,60,For,Abstain,Against,For,Abstain,Against,Against,For
SNP,Deidre Brock,Edinburgh North and Leith,Remain,78,Abstain,For,Abstain,Abstain,For,Against,Against,Against
Con,James Brokenshire,Old Bexley and Sidcup,Leave,63,Abstain,Abstain,Abstain,Abstain,Abstain,Abstain,Abstain,Abstain
SNP,Alan Brown,Kilmarnock and Loudoun,Remain,60,Abstain,For,Abstain,Abstain,For,Against,Against,Against
Lab,Lyn Brown,West Ham,Remain,53,For,For,For,Abstain,For,Against,Against,Against
Lab,Nicholas Brown,Newcastle upon Tyne East,Remain,59,For,For,For,For,Abstain,Against,Against,Abstain
Con,Fiona Bruce,Congleton,Leave,53,Against,Against,Against,Against,Against,For,For,Against
Lab,Chris Bryant,Rhondda,Leave,61,For,For,For,For,Abstain,Against,Against,Against
Lab,Karen Buck,Westminster North,Remain,67,For,For,For,Abstain,For,Against,Against,Against
Con,Robert Buckland,South Swindon,Leave,52,Against,Against,Against,Against,Against,Against,Against,Against
Lab,Richard Burden,Birmingham - Northfield,Leave,62,For,For,For,For,Abstain,Against,Against,Against
Con,Alex Burghart,Brentwood and Ongar,Leave,61,Against,Against,Against,Against,Against,Abstain,Abstain,Against
Lab,Richard Burgon,Leeds East,Leave,61,For,For,For,For,Abstain,Against,Against,Abstain
Con,Conor Burns,Bournemouth West,Leave,58,Against,Against,Against,Against,Against,For,For,Against
Con,Alistair Burt,North East Bedfordshire,Leave,53,For,Abstain,Against,For,Abstain,Against,Against,For
Lab,Dawn Butler,Brent Central,Remain,57,For,For,For,Abstain,Abstain,Against,Against,Against
Lab,Liam Byrne,Birmingham - Hodge Hill,Leave,51,For,For,For,For,Abstain,Against,Against,Abstain
LD,Sir Vince Cable,Twickenham,Remain,66,Abstain,For,Against,Abstain,For,Against,Against,Against
Lab,Ruth Cadbury,Brentford and Isleworth,Remain,57,For,For,For,Against,For,Against,Against,Against
Con,Alun Cairns,Vale of Glamorgan,Leave,52,Abstain,Abstain,Abstain,Abstain,Abstain,Abstain,Abstain,Abstain
SNP,Lisa Cameron,East Kilbride - Strathaven and Le...,Remain,62,Abstain,For,Abstain,Abstain,For,Against,Against,Against
Lab,Sir Alan Campbell,Tynemouth,Remain,52,For,For,For,Abstain,Abstain,Against,Against,Abstain
DUP,Gregory Campbell,East Londonderry,None,None,Against,Against,Against,Abstain,Against,Abstain,For,Abstain
Lab,Ronnie Campbell,Blyth Valley,Leave,60,Against,Against,Against,Against,Against,For,Against,For
Lab,Dan Carden,Liverpool - Walton,Leave,54,For,For,For,For,Abstain,Against,Against,Abstain
LD,Alistair Carmichael,Orkney and Shetland,Remain,60,Abstain,For,Abstain,Abstain,For,Against,Against,Abstain
Con,James Cartlidge,South Suffolk,Leave,54,Against,Against,Against,For,Against,Against,Against,For
Con,Sir William Cash,Stone,Leave,58,Against,Against,Against,Against,Against,For,For,Against
Con,Maria Caulfield,Lewes,Remain,53,Against,Against,Against,Against,Against,For,For,For
Con,Alex Chalk,Cheltenham,Remain,57,For,Abstain,Against,Against,Abstain,Against,Against,Against
Lab,Sarah Champion,Rotherham,Leave,68,For,Against,For,Against,Against,Against,Against,Against
SNP,Douglas Chapman,Dunfermline and West Fife,Remain,60,Abstain,For,Abstain,Abstain,For,Against,Against,Against
Lab,Jenny Chapman,Darlington,Leave,58,For,For,For,For,Abstain,Against,Against,Abstain
Lab,Bambos Charalambous,Enfield - Southgate,Remain,62,For,For,For,For,For,Against,Against,Abstain
SNP,Joanna Cherry,Edinburgh South West,Remain,72,Abstain,For,Abstain,Abstain,For,Against,Against,Against
Con,Rehman Chishti,Gillingham and Rainham,Leave,64,Against,Against,Against,Against,Against,For,Abstain,Against
Con,Sir Christopher Chope,Christchurch,Leave,60,Against,Against,Against,Against,Against,For,For,Against
Con,Jo Churchill,Bury St Edmunds,Leave,54,Against,Against,Against,Against,Against,Against,Against,Against
Con,Colin Clark,Gordon,Remain,55,Abstain,Against,Against,Against,Against,Against,Abstain,Abstain
Con,Greg Clark,Tunbridge Wells,Remain,55,Abstain,Abstain,Abstain,Abstain,Abstain,Abstain,Abstain,Abstain
Con,Kenneth Clarke,Rushcliffe,Remain,59,For,Abstain,For,For,For,Against,Against,Against
Con,Simon Clarke,Middlesbrough South and East Cle...,Leave,65,Against,Against,Against,Against,Against,For,For,Against
Con,James Cleverly,Braintree,Leave,61,Against,Against,Against,Against,Against,Abstain,Against,Against
Con,Sir Geoffrey Clifton-Brown,The Cotswolds,Remain,52,Against,Against,Against,Against,Against,For,For,Against
Lab,Ann Clwyd,Cynon Valley,Leave,57,Against,For,Against,Against,For,Against,Against,Against
Lab,Vernon Coaker,Gedling,Leave,56,For,For,For,For,Abstain,Against,Against,Against
TIG,Ann Coffey,Stockport,Remain,53,Against,For,Against,Against,For,Against,Against,Against
Con,Thérèse Coffey,Suffolk Coastal,Leave,56,Against,Against,Against,Against,Against,Abstain,Abstain,Against
Con,Damian Collins,Folkestone and Hythe,Leave,62,Against,Against,Against,For,Against,Against,Against,For
Lab,Julie Cooper,Burnley,Leave,67,For,Abstain,For,For,Abstain,Against,Against,Abstain
Lab,Rosie Cooper,West Lancashire,Leave,55,For,Against,For,Against,Against,Against,Against,Against
Lab,Yvette Cooper,Normanton - Pontefract and Castle...,Leave,69,For,For,For,For,Abstain,Against,Against,Abstain
Lab,Jeremy Corbyn,Islington North,Remain,78,For,For,For,For,Abstain,Against,Against,Abstain
Con,Alberto Costa,South Leicestershire,Leave,58,Against,Against,Against,For,Against,Against,Against,For
Con,Robert Courts,Witney,Remain,54,Against,Against,Against,Against,Against,For,For,For
SNP,Ronnie Cowan,Inverclyde,Remain,64,Abstain,For,Abstain,Abstain,For,Against,Against,Against
Con,Geoffrey Cox,Torridge and West Devon,Leave,57,Abstain,Abstain,Abstain,Abstain,Abstain,Abstain,Abstain,Abstain
Lab,Neil Coyle,Bermondsey and Old Southwark,Remain,73,For,For,For,Against,For,Against,Against,Against
Con,Stephen Crabb,Preseli Pembrokeshire,Leave,56,For,Against,Against,For,Against,Against,Against,For
Lab,Sir David Crausby,Bolton North East,Leave,58,For,For,For,For,For,Against,Against,Against
SNP,Angela Crawley,Lanark and Hamilton East,Remain,65,Abstain,For,Abstain,Abstain,For,Against,Against,Against
Lab,Mary Creagh,Wakefield,Leave,63,For,For,For,Abstain,For,Against,Against,Against
Lab,Stella Creasy,Walthamstow,Remain,67,For,For,For,Abstain,For,Against,Against,Against
Con,Tracey Crouch,Chatham and Aylesford,Leave,65,Against,Against,Against,Against,Against,For,Abstain,Against
Lab,Jon Cruddas,Dagenham and Rainham,Leave,70,For,Against,For,For,Against,Against,Against,Abstain
Lab,John Cryer,Leyton and Wanstead,Remain,65,For,For,For,For,Abstain,Against,Against,Abstain
Lab,Judith Cummins,Bradford South,Leave,64,For,Abstain,For,Abstain,Abstain,Against,Against,Abstain
Lab,Alex Cunningham,Stockton North,Leave,67,For,For,For,For,For,Against,Against,Against
Lab,Jim Cunningham,Coventry South,Remain,51,Against,For,For,For,Against,Against,Against,Against
Lab,Janet Daby,Lewisham East,Remain,65,For,For,For,Abstain,For,Against,Against,Against
Lab,Nic Dakin,Scunthorpe,Leave,69,For,For,For,Abstain,Abstain,Against,Against,Abstain
LD,Sir Edward Davey,Kingston and Surbiton,Remain,58,Abstain,For,Abstain,Abstain,For,Against,Against,Abstain
Lab,Wayne David,Caerphilly,Leave,55,For,For,For,For,Abstain,Against,Against,Abstain
Con,Chris Davies,Brecon and Radnorshire,Leave,52,Against,Against,Against,Against,Against,For,For,For
Con,David T. C. Davies,Monmouth,Remain,52,Against,Against,Against,Against,Against,For,For,Against
Lab,Geraint Davies,Swansea West,Remain,57,For,For,For,Abstain,For,Against,Against,Against
Con,Glyn Davies,Montgomeryshire,Leave,56,Against,Against,Against,Against,Against,For,For,For
Con,Mims Davies,Eastleigh,Leave,54,Against,Against,Against,Against,Against,For,Against,Against
Con,Philip Davies,Shipley,Leave,52,Against,Against,Against,Against,Against,For,For,Against
Con,David Davis,Haltemprice and Howden,Leave,55,Against,Against,Against,Against,Against,For,Against,Against
SNP,Martyn Day,Linlithgow and East Falkirk,Remain,58,Abstain,For,Abstain,Abstain,For,Against,Against,Against
Lab,Marsha De Cordova,Battersea,Remain,77,For,For,For,Abstain,For,Against,Against,Against
Lab,Gloria De Piero,Ashfield,Leave,71,For,Abstain,For,For,Abstain,Against,Against,Abstain
Lab,Thangam Debbonaire,Bristol West,Remain,79,For,For,For,For,For,Against,Against,Abstain
Lab,Emma Dent Coad,Kensington,Remain,69,For,For,For,Against,For,Against,Against,Against
Lab,Tanmanjeet Singh Dhesi,Slough,Leave,54,For,For,For,For,Abstain,Against,Against,Abstain
Con,Caroline Dinenage,Gosport,Leave,62,Against,Against,Against,Against,Against,For,For,Against
Con,Jonathan Djanogly,Huntingdon,Leave,53,For,Abstain,Against,For,Against,Against,Against,For
Con,Leo Docherty,Aldershot,Leave,58,Abstain,Abstain,Abstain,Abstain,Abstain,Abstain,Abstain,Abstain
SNP,Martin Docherty-Hughes,West Dunbartonshire,Remain,62,Abstain,For,Abstain,Abstain,For,Against,Against,Against
Lab,Anneliese Dodds,Oxford East,Remain,68,For,For,For,For,For,Against,Against,Abstain
DUP,Nigel Dodds,Belfast North,None,None,Against,Against,Against,Abstain,Against,Abstain,For,Abstain
DUP,Sir Jeffrey M. Donaldson,Lagan Valley,None,None,Against,Against,Against,Abstain,Against,Abstain,For,Abstain
Con,Michelle Donelan,Chippenham,Leave,52,Against,Against,Against,Against,Against,Abstain,For,Against
Con,Nadine Dorries,Mid Bedfordshire,Leave,52,Against,Against,Against,Against,Against,For,For,Against
Con,Steve Double,St Austell and Newquay,Leave,64,Against,Against,Against,Against,Against,For,For,Against
Lab,Stephen Doughty,Cardiff South and Penarth,Remain,55,For,For,For,Abstain,For,Against,Against,Against
Lab,Peter Dowd,Bootle,Leave,55,For,For,For,For,Abstain,Against,Against,Abstain
Con,Oliver Dowden,Hertsmere,Leave,51,Against,Against,Against,Against,Against,Against,Against,Against
Con,Jackie Doyle-Price,Thurrock,Leave,70,Against,Against,Against,Against,Against,For,Against,Against
Con,Richard Drax,South Dorset,Leave,59,Against,Against,Against,Against,Against,For,For,Against
Lab,David Drew,Stroud,Remain,54,For,For,For,For,For,Against,Against,Abstain
Lab,Jack Dromey,Birmingham - Erdington,Leave,63,For,For,For,For,Abstain,Against,Against,Against
Con,James Duddridge,Rochford and Southend East,Leave,60,Against,Against,Against,Against,Against,For,For,Against
Lab,Rosie Duffield,Canterbury,Remain,55,For,For,For,Abstain,For,Against,Against,Against
Con,David Duguid,Banff and Buchan,Leave,54,Against,Against,Against,Against,Against,Against,Against,For
Con,Sir Alan Duncan,Rutland and Melton,Leave,54,Abstain,Against,Against,Abstain,For,Against,Against,Abstain
Con,Iain Duncan Smith,Chingford and Woodford Green,Remain,51,Against,Against,Against,Against,Against,For,For,Against
Con,Philip Dunne,Ludlow,Leave,59,Against,Against,Against,Against,Against,Against,For,Against
Lab,Angela Eagle,Wallasey,Remain,50,For,For,For,Abstain,For,Against,Against,Abstain
Lab,Maria Eagle,Garston and Halewood,Remain,52,For,For,For,Abstain,For,Against,Against,Against
PC,Jonathan Edwards,Carmarthen East and Dinefwr,Leave,54,Abstain,For,Abstain,For,For,Against,Against,Abstain
Lab,Clive Efford,Eltham,Leave,52,For,For,For,For,For,Against,Against,Against
Lab,Julie Elliott,Sunderland Central,Leave,60,For,For,For,Abstain,Abstain,Against,Against,Abstain
Con,Michael Ellis,Northampton North,Leave,61,Against,Against,Against,Against,Against,For,Against,Against
Lab,Dame Louise Ellman,Liverpool - Riverside,Remain,73,For,For,For,Against,For,Against,Against,Against
Con,Tobias Ellwood,Bournemouth East,Leave,54,Abstain,Abstain,Abstain,Abstain,Abstain,Abstain,Abstain,Abstain
Lab,Chris Elmore,Ogmore,Leave,60,For,For,For,Abstain,For,Against,Against,Against
Con,Charlie Elphicke,Dover,Leave,63,Against,Against,Against,Against,Against,For,For,Against
Lab,Bill Esterson,Sefton Central,Remain,55,For,For,For,For,For,Against,Against,Against
Con,George Eustice,Camborne and Redruth,Leave,58,Against,Against,Against,For,Against,For,For,For
Lab,Chris Evans,Islwyn,Leave,59,For,Abstain,For,For,Abstain,Against,Against,Abstain
Con,Nigel Evans,Ribble Valley,Leave,59,Against,Against,Against,Against,Against,For,For,Against
Con,Sir David Evennett,Bexleyheath and Crayford,Leave,65,Against,Against,Against,Against,Against,Abstain,Against,Against
Con,Michael Fabricant,Lichfield,Leave,58,Against,Against,Against,Against,Against,For,For,Against
Con,Sir Michael Fallon,Sevenoaks,Leave,54,Against,Against,Against,Abstain,Against,Against,For,For
Lab,Paul Farrelly,Newcastle-under-Lyme,Leave,62,For,For,For,For,For,Against,Against,Against
LD,Tim Farron,Westmorland and Lonsdale,Remain,53,Abstain,For,Abstain,Abstain,For,Against,Against,Abstain
SNP,Marion Fellows,Motherwell and Wishaw,Remain,63,Abstain,For,Abstain,Abstain,For,Against,Against,Against
Ind,Frank Field,Birkenhead,Leave,52,Against,Against,Against,Against,Against,Against,Against,Against
Con,Mark Field,Cities of London and Westminster,Remain,71,For,Abstain,Against,Against,For,Against,For,Against
Lab,Jim Fitzpatrick,Poplar and Limehouse,Remain,66,For,Against,For,Against,Abstain,Against,Against,Against
Lab,Colleen Fletcher,Coventry North East,Leave,59,For,For,For,For,Abstain,Against,Against,Abstain
Lab,Caroline Flint,Don Valley,Leave,69,Abstain,Against,For,Against,Against,Against,Against,Against
Con,Vicky Ford,Chelmsford,Leave,51,For,Against,Against,For,Against,Against,Against,Abstain
Con,Kevin Foster,Torbay,Leave,63,Against,Against,Against,Against,Against,For,Against,For
Lab,Yvonne Fovargue,Makerfield,Leave,65,For,Against,For,Abstain,Abstain,Against,Abstain,Abstain
Con,Liam Fox,North Somerset,Remain,52,Abstain,Abstain,Abstain,Abstain,Abstain,Abstain,Abstain,Abstain
Lab,Vicky Foxcroft,Lewisham - Deptford,Remain,75,For,For,For,For,For,Against,Against,Abstain
Con,Mark Francois,Rayleigh and Wickford,Leave,68,Against,Against,Against,Against,Against,For,For,Against
Con,Lucy Frazer,South East Cambridgeshire,Remain,55,Abstain,Against,Against,Against,Against,Against,Abstain,Against
Con,George Freeman,Mid Norfolk,Leave,61,For,Abstain,Against,For,Against,Abstain,Against,For
Con,Mike Freer,Finchley and Golders Green,Remain,69,Against,Against,Against,Against,For,Against,Against,Against
Lab,James Frith,Bury North,Leave,54,For,For,For,For,For,Against,Against,Abstain
Lab,Gill Furniss,Sheffield - Brightside and Hillsb...,Leave,61,For,For,For,For,Abstain,Against,Against,Abstain
Con,Marcus Fysh,Yeovil,Leave,59,Against,Against,Against,Against,Against,For,For,Against
Lab,Hugh Gaffney,Coatbridge - Chryston and Bellshill,Remain,61,For,For,For,For,For,Against,Against,Abstain
Con,Sir Roger Gale,North Thanet,Leave,65,Against,Against,Against,Against,Against,Against,Against,Against
TIG,Mike Gapes,Ilford South,Remain,56,Against,For,Against,Against,For,Against,Against,Against
Lab,Barry Gardiner,Brent North,Remain,57,For,For,For,Abstain,Abstain,Against,Against,Abstain
Con,Mark Garnier,Wyre Forest,Leave,63,Against,Abstain,Against,Against,Against,Abstain,For,For
Con,David Gauke,South West Hertfordshire,Remain,54,Abstain,Abstain,Abstain,Abstain,Abstain,Abstain,Abstain,Abstain
Lab,Ruth George,High Peak,Leave,51,For,For,For,Abstain,For,Against,Against,Against
SNP,Stephen Gethins,North East Fife,Remain,62,Abstain,For,Abstain,Abstain,For,Against,Against,Against
Con,Nusrat Ghani,Wealden,Leave,53,Against,Against,Against,Against,Against,For,Against,Against
Con,Nick Gibb,Bognor Regis and Littlehampton,Leave,64,Against,Against,Against,Abstain,Against,Abstain,Against,Abstain
SNP,Patricia Gibson,North Ayrshire and Arran,Remain,58,Abstain,For,Abstain,Abstain,For,Against,Against,Against
SF,Michelle Gildernew,Fermanagh and South Tyrone,None,None,Abstain,Abstain,Abstain,Abstain,Abstain,Abstain,Abstain,Abstain
Lab,Preet Kaur Gill,Birmingham - Edgbaston,Remain,53,For,For,For,Abstain,For,Against,Against,Abstain
Con,Dame Cheryl Gillan,Chesham and Amersham,Remain,55,Against,Against,Against,Against,Against,Against,Against,Against
DUP,Paul Girvan,South Antrim,None,None,Against,Against,Against,Abstain,Against,Abstain,For,Abstain
Con,John Glen,Salisbury,Leave,50,Against,Against,Against,Against,Against,Against,Against,Against
Lab,Mary Glindon,North Tyneside,Leave,59,For,Abstain,For,For,Abstain,Against,Against,Abstain
Lab,Roger Godsiff,Birmingham - Hall Green,Remain,66,For,For,For,For,For,Against,Against,Against
Con,Zac Goldsmith,Richmond Park,Remain,72,Against,Against,Against,Against,Against,For,For,Against
Lab,Helen Goodman,Bishop Auckland,Leave,61,For,For,For,For,Abstain,Against,Against,Against
Con,Robert Goodwill,Scarborough and Whitby,Leave,61,Against,Against,Against,Against,Against,For,Against,Against
Con,Michael Gove,Surrey Heath,Leave,52,Abstain,Abstain,Abstain,Abstain,Abstain,Abstain,Abstain,Abstain
SNP,Patrick Grady,Glasgow North,Remain,78,Abstain,For,Abstain,Abstain,For,Against,Abstain,Against
Con,Luke Graham,Ochil and South Perthshire,Remain,61,Against,Against,Against,Against,Against,Against,Abstain,For
Con,Richard Graham,Gloucester,Leave,59,Abstain,Against,Against,Abstain,Against,Against,Against,Abstain
Con,Bill Grant,Ayr - Carrick and Cumnock,Remain,57,Against,Against,Against,Against,Against,Against,Against,For
Con,Helen Grant,Maidstone and The Weald,Leave,56,Against,Against,Against,Against,Against,Against,Against,Against
SNP,Peter Grant,Glenrothes,Remain,54,Abstain,For,Abstain,Abstain,For,Against,Against,Against
Con,James Gray,North Wiltshire,Leave,50,Against,Against,Against,Against,Against,For,For,Against
SNP,Neil Gray,Airdrie and Shotts,Remain,60,Abstain,For,Abstain,Abstain,For,Against,Against,Against
Con,Chris Grayling,Epsom and Ewell,Remain,52,Abstain,Abstain,Abstain,Abstain,Abstain,Abstain,Abstain,Abstain
Con,Chris Green,Bolton West,Leave,56,Against,Against,Against,Against,Against,For,For,Against
Con,Damian Green,Ashford,Leave,60,For,Against,Against,Against,Against,Against,Abstain,For
Lab,Kate Green,Stretford and Urmston,Remain,52,For,For,For,Abstain,For,Against,Against,Against
Con,Justine Greening,Putney,Remain,73,Abstain,For,Abstain,Abstain,For,Against,Abstain,Abstain
Lab,Lilian Greenwood,Nottingham South,Remain,54,For,For,For,Abstain,For,Against,Against,Against
Lab,Margaret Greenwood,Wirral West,Remain,55,For,For,For,Abstain,Abstain,Against,Against,Abstain
Con,Dominic Grieve,Beaconsfield,Remain,51,Abstain,For,Against,Abstain,For,Against,Against,Against
Lab,Nia Griffith,Llanelli,Leave,55,For,For,For,For,Abstain,Against,Against,Abstain
Con,Andrew Griffiths,Burton,Leave,65,Against,Against,Against,Against,Against,For,Against,Against
Lab,John Grogan,Keighley,Leave,53,For,For,For,For,For,Against,Against,Abstain
Lab,Andrew Gwynne,Denton and Reddish,Leave,61,For,Abstain,For,For,Abstain,Against,Against,Abstain
Con,Sam Gyimah,East Surrey,Leave,54,Abstain,For,Against,Abstain,Abstain,Against,Against,Abstain
Lab,Louise Haigh,Sheffield - Heeley,Leave,58,For,For,For,For,For,Against,Against,Against
Con,Kirstene Hair,Angus,Remain,52,Against,Against,Against,Against,Against,Abstain,Abstain,Against
Con,Robert Halfon,Harlow,Leave,68,Against,Against,Against,For,Against,Against,Abstain,For
Con,Luke Hall,Thornbury and Yate,Leave,53,Against,Against,Against,Against,Against,Against,Against,Against
Lab,Fabian Hamilton,Leeds North East,Remain,63,For,For,For,Abstain,For,Against,Against,Against
Con,Philip Hammond,Runnymede and Weybridge,Remain,50,Abstain,Abstain,Abstain,Abstain,Abstain,Abstain,Abstain,Abstain
Con,Stephen Hammond,Wimbledon,Remain,71,For,Abstain,Against,For,For,Against,Against,For
Con,Matt Hancock,West Suffolk,Leave,63,Abstain,Abstain,Abstain,Abstain,Abstain,Abstain,Abstain,Abstain
Con,Greg Hands,Chelsea and Fulham,Remain,71,Against,Against,Against,Against,Against,Against,Abstain,Against
Lab,David Hanson,Delyn,Leave,55,For,For,For,For,Abstain,Against,Against,Against
Lab,Emma Hardy,Kingston upon Hull West and Hessle,Leave,68,For,For,For,For,Abstain,Against,Against,Abstain
Lab,Harriet Harman,Camberwell and Peckham,Remain,70,For,For,For,For,For,Against,Against,Against
Con,Mark Harper,Forest of Dean,Leave,58,Against,Against,Against,Against,Against,For,For,Against
Con,Richard Harrington,Watford,Leave,51,For,Abstain,Against,For,For,Against,Against,Abstain
Lab,Carolyn Harris,Swansea East,Leave,62,For,Abstain,For,For,Abstain,Against,Against,Abstain
Con,Rebecca Harris,Castle Point,Leave,73,Against,Against,Against,Against,Against,For,For,Against
Con,Trudy Harrison,Copeland,Leave,60,Against,Against,Against,Against,Against,For,Against,For
Con,Simon Hart,Carmarthen West and South Pembro...,Leave,55,Against,Against,Against,For,Against,Abstain,Abstain,For
Lab,Helen Hayes,Dulwich and West Norwood,Remain,78,For,For,For,Abstain,For,Against,Against,Against
Con,Sir John Hayes,South Holland and The Deepings,Leave,71,Against,Against,Against,Against,Against,For,For,Against
Lab,Sue Hayman,Workington,Leave,60,For,For,For,For,Abstain,Against,Against,Abstain
SF,Chris Hazzard,South Down,None,None,Abstain,Abstain,Abstain,Abstain,Abstain,Abstain,Abstain,Abstain
Con,Sir Oliver Heald,North East Hertfordshire,Leave,51,For,Against,Against,Abstain,Against,Against,Against,Abstain
Lab,John Healey,Wentworth and Dearne,Leave,69,For,For,For,Abstain,Abstain,Against,Abstain,Abstain
Con,James Heappey,Wells,Leave,53,Against,Against,Against,Against,Against,Abstain,Abstain,Against
Con,Chris Heaton-Harris,Daventry,Leave,59,Against,Against,Against,Against,Against,For,Against,Against
Con,Peter Heaton-Jones,North Devon,Leave,57,Against,Against,Against,Against,Against,Abstain,Against,Against
Con,Gordon Henderson,Sittingbourne and Sheppey,Leave,66,Against,Against,Against,Against,Against,For,For,For
Lab,Sir Mark Hendrick,Preston,Leave,57,For,For,For,For,For,Against,Against,For
SNP,Drew Hendry,Inverness - Nairn - Badenoch and S...,Remain,59,Abstain,For,Abstain,Abstain,For,Against,Against,Against
Lab,Stephen Hepburn,Jarrow,Leave,62,Against,Against,Against,Against,Against,Against,Against,Against
Con,Nick Herbert,Arundel and South Downs,Leave,51,For,Against,Against,For,Against,Against,Against,For
Ind,Lady Hermon,North Down,None,None,Against,For,Against,Against,For,Against,Against,Against
Lab,Mike Hill,Hartlepool,Leave,70,For,Against,For,Abstain,Abstain,Against,Against,Abstain
Lab,Meg Hillier,Hackney South and Shoreditch,Remain,78,For,For,For,Abstain,For,Against,Against,Against
Con,Damian Hinds,East Hampshire,Remain,51,Abstain,Abstain,Abstain,Abstain,Abstain,Abstain,Abstain,Abstain
Con,Simon Hoare,North Dorset,Leave,56,For,Against,Against,For,Against,Against,Against,For
LD,Wera Hobhouse,Bath,Remain,68,Against,For,Against,Against,For,Against,Against,Against
Lab,Dame Margaret Hodge,Barking,Leave,60,For,For,For,Abstain,For,Against,Against,Against
Lab,Sharon Hodgson,Washington and Sunderland West,Leave,62,For,For,For,For,Abstain,Against,Against,Against
Lab,Kate Hoey,Vauxhall,Remain,78,Against,Against,Abstain,Against,Against,For,For,Abstain
Lab,Kate Hollern,Blackburn,Leave,54,For,For,For,For,Abstain,Abstain,Abstain,Abstain
Con,George Hollingbery,Meon Valley,Leave,53,Against,Against,Against,Against,Against,Against,For,Against
Con,Kevin Hollinrake,Thirsk and Malton,Leave,56,Against,Against,Against,For,Against,Against,Against,For
Con,Philip Hollobone,Kettering,Leave,61,Against,Against,Against,Against,Against,For,For,Against
Con,Adam Holloway,Gravesham,Leave,65,Against,Against,Against,Against,Against,For,For,Against
Ind,Kelvin Hopkins,Luton North,Leave,58,Abstain,Abstain,Abstain,Abstain,Abstain,Abstain,Abstain,Abstain
SNP,Stewart Hosie,Dundee East,Remain,62,Abstain,For,Abstain,Abstain,For,Against,Against,Against
Lab,George Howarth,Knowsley,Leave,52,For,For,For,For,For,Against,Against,Against
Con,John Howell,Henley,Remain,57,Against,Abstain,Against,Against,Against,Against,Against,Against
Lab,Sir Lindsay Hoyle,Chorley,Leave,57,Abstain,Abstain,Abstain,Abstain,Abstain,Abstain,Abstain,Abstain
Con,Nigel Huddleston,Mid Worcestershire,Leave,59,Abstain,Against,Against,Abstain,Against,Abstain,Abstain,Abstain
Con,Eddie Hughes,Walsall North,Leave,74,Against,Against,Against,Against,Against,For,For,Against
Con,Jeremy Hunt,South West Surrey,Remain,59,Abstain,Abstain,Abstain,Abstain,Abstain,Abstain,Abstain,Abstain
Lab,Rupa Huq,Ealing Central and Acton,Remain,71,For,For,For,Abstain,For,Against,Against,Against
Con,Nick Hurd,Ruislip - Northwood and Pinner,Remain,51,Abstain,Abstain,Against,Abstain,Against,Against,Against,Abstain
Lab,Imran Hussain,Bradford East,Leave,55,For,For,For,For,Abstain,Against,Against,Abstain
Con,Alister Jack,Dumfries and Galloway,Remain,55,Against,Against,Against,Against,Against,Against,For,Against
Con,Margot James,Stourbridge,Leave,64,For,Abstain,Against,For,Abstain,Against,Against,Abstain
LD,Christine Jardine,Edinburgh West,Remain,71,Abstain,For,Abstain,Abstain,For,Against,Against,Abstain
Lab,Dan Jarvis,Barnsley Central,Leave,68,For,Against,For,For,Abstain,Against,Against,Abstain
Con,Sajid Javid,Bromsgrove,Leave,55,Abstain,Abstain,Abstain,Abstain,Abstain,Abstain,Abstain,Abstain
Con,Ranil Jayawardena,North East Hampshire,Remain,54,Against,Against,Against,Against,Against,For,For,Against
Con,Sir Bernard Jenkin,Harwich and North Essex,Leave,61,Against,Against,Against,Against,Against,For,For,Against
Con,Andrea Jenkyns,Morley and Outwood,Leave,60,Against,Against,Against,Against,Against,For,For,Against
Con,Robert Jenrick,Newark,Leave,56,Against,Against,Against,Against,Against,For,Against,Against
Con,Boris Johnson,Uxbridge and South Ruislip,Leave,56,Against,Against,Against,Against,Against,For,For,Against
Con,Caroline Johnson,Sleaford and North Hykeham,Leave,62,Against,Against,Against,Against,Against,For,For,Against
Lab,Diana Johnson,Kingston upon Hull North,Leave,60,For,For,For,For,Abstain,Against,Against,Against
Con,Gareth Johnson,Dartford,Leave,64,Against,Against,Against,Against,Against,For,For,Against
Con,Joseph Johnson,Orpington,Leave,58,Against,For,Against,Against,Against,Against,Against,Against
Con,Andrew Jones,Harrogate and Knaresborough,Remain,53,Against,Against,Against,Against,Against,Against,Against,Against
Lab,Darren Jones,Bristol North West,Remain,61,For,For,For,Abstain,For,Against,Against,Against
Con,David Jones,Clwyd West,Leave,53,Against,Against,Against,Against,Against,For,For,Against
Lab,Gerald Jones,Merthyr Tydfil and Rhymney,Leave,58,For,For,For,For,Abstain,Against,Against,Abstain
Lab,Debbie Abrahams,Oldham East and Saddleworth,Leave,60,For,For,For,Abstain,Abstain,Against,Against,Against
Lab,Helen Jones,Warrington North,Leave,59,For,Against,For,For,Against,Against,Against,Against
Lab,Kevan Jones,North Durham,Leave,60,For,Against,For,Against,Abstain,Against,Against,Against
Con,Marcus Jones,Nuneaton,Leave,65,Against,Against,Against,Against,Against,For,Against,Against
Lab,Sarah Jones,Croydon Central,Leave,50,For,For,For,For,For,Against,Against,Abstain
Lab,Susan Elan Jones,Clwyd South,Leave,60,For,For,For,Abstain,For,Against,Against,Against
Lab,Mike Kane,Wythenshawe and Sale East,Remain,50,For,Abstain,For,For,Abstain,Against,Against,Abstain
Con,Daniel Kawczynski,Shrewsbury and Atcham,Leave,53,Against,Against,Against,Against,Against,For,Against,Against
Con,Gillian Keegan,Chichester,Leave,51,Against,Against,Against,Against,Against,Against,Against,Abstain
Lab,Barbara Keeley,Worsley and Eccles South,Leave,60,For,For,For,Abstain,Abstain,Against,Against,Abstain
Lab,Liz Kendall,Leicester West,Leave,52,For,For,For,Abstain,For,Against,Against,Against
Con,Seema Kennedy,South Ribble,Leave,57,Against,Against,Against,Against,Against,Against,Against,Against
Con,Stephen Kerr,Stirling,Remain,68,Against,Against,Against,Against,Against,Against,Against,For
Lab,Afzal Khan,Manchester - Gorton,Remain,62,For,For,For,For,Abstain,Against,Against,Abstain
Lab,Ged Killen,Rutherglen and Hamilton West,Remain,63,For,For,For,Abstain,For,Against,Against,Against
Lab,Stephen Kinnock,Aberavon,Leave,60,For,Abstain,For,For,Abstain,Against,Against,For
Con,Sir Greg Knight,East Yorkshire,Leave,63,Against,Against,Against,Against,Against,For,Against,Against
Con,Julian Knight,Solihull,Leave,53,Against,Against,Against,Against,Against,Abstain,For,For
Con,Kwasi Kwarteng,Spelthorne,Leave,60,Against,Against,Against,Against,Against,For,Against,Against
Lab,Peter Kyle,Hove,Remain,66,For,For,For,For,For,Against,Against,Against
Con,Dame Eleanor Laing,Epping Forest,Leave,61,Abstain,Abstain,Abstain,Abstain,Abstain,Abstain,Abstain,Abstain
Lab,Lesley Laird,Kirkcaldy and Cowdenbeath,Remain,58,For,For,For,For,For,Against,Against,Abstain
PC,Ben Lake,Ceredigion,Remain,55,Abstain,For,Abstain,For,For,Against,Against,Abstain
LD,Norman Lamb,North Norfolk,Leave,58,For,For,Abstain,For,Abstain,Against,Against,Abstain
Lab,David Lammy,Tottenham,Remain,76,Abstain,For,For,Abstain,For,Against,Against,Against
Con,John Lamont,Berwickshire - Roxburgh and Selkirk,Remain,57,Against,Against,Against,Against,Against,Abstain,Abstain,Against
Con,Mark Lancaster,Milton Keynes North,Remain,50,Against,Against,Against,Against,Against,For,For,Against
Con,Pauline Latham,Mid Derbyshire,Leave,53,Against,Against,Against,Against,Against,Abstain,For,Against
Lab,Ian Lavery,Wansbeck,Leave,56,For,Abstain,For,For,Abstain,Against,For,Abstain
SNP,Chris Law,Dundee West,Remain,59,Abstain,For,Abstain,Abstain,For,Against,Against,Against
Con,Andrea Leadsom,South Northamptonshire,Leave,53,Abstain,Abstain,Abstain,Abstain,Abstain,Abstain,Abstain,Abstain
Lab,Karen Lee,Lincoln,Leave,57,For,For,For,Against,Abstain,Against,Against,Abstain
Con,Phillip Lee,Bracknell,Leave,53,Against,For,Against,Against,For,Against,Against,Against
Con,Jeremy Lefroy,Stafford,Leave,57,For,Abstain,Abstain,For,Abstain,Against,Abstain,For
Con,Sir Edward Leigh,Gainsborough,Leave,62,Against,Against,Against,Against,Against,For,For,Against
TIG,Chris Leslie,Nottingham East,Remain,57,Against,For,Against,Against,For,Against,Against,Against
Con,Sir Oliver Letwin,West Dorset,Leave,51,For,Against,Against,For,Against,Against,Against,For
Lab,Emma Lewell-Buck,South Shields,Leave,62,For,Against,For,Abstain,Abstain,Against,Against,Abstain
Con,Andrew Lewer,Northampton South,Leave,60,Against,Against,Against,Against,Against,For,For,Against
Con,Brandon Lewis,Great Yarmouth,Leave,72,Abstain,Abstain,Abstain,Abstain,Abstain,Abstain,Abstain,Abstain
Lab,Clive Lewis,Norwich South,Remain,60,For,For,For,Against,For,Against,Against,Against
Ind,Ivan Lewis,Bury South,Leave,55,For,Against,For,For,Abstain,Against,Against,Against
Con,Julian Lewis,New Forest East,Leave,60,Against,Against,Against,Against,Against,For,For,Against
Con,Ian Liddell-Grainger,Bridgwater and West Somerset,Leave,62,Against,Against,Against,Against,Against,For,Against,Against
Con,David Lidington,Aylesbury,Leave,52,Abstain,Abstain,Abstain,Abstain,Abstain,Abstain,Abstain,Abstain
SNP,David Linden,Glasgow East,Remain,56,Abstain,For,Abstain,Abstain,For,Against,Against,Against
DUP,Emma Little Pengelly,Belfast South,None,None,Against,Against,Against,Abstain,Against,Abstain,For,Abstain
Ind,Stephen Lloyd,Eastbourne,Leave,58,For,Abstain,For,For,For,Against,Against,For
Lab,Tony Lloyd,Rochdale,Leave,57,For,For,For,For,Abstain,Against,Against,Against
Lab,Rebecca Long Bailey,Salford and Eccles,Leave,54,For,For,For,For,Abstain,Against,Against,Abstain
Con,Julia Lopez,Hornchurch and Upminster,Leave,69,Against,Against,Against,Against,Against,For,For,Against
Con,Jack Lopresti,Filton and Bradley Stoke,Remain,52,Against,Against,Against,Against,Against,For,Against,Against
Con,Jonathan Lord,Woking,Remain,56,Against,Against,Against,Against,Against,For,For,Against
Con,Tim Loughton,East Worthing and Shoreham,Leave,54,Against,Against,Against,Against,Against,For,For,Against
Grn,Caroline Lucas,Brighton - Pavilion,Remain,74,Against,For,Against,Against,For,Against,Against,Against
Lab,Ian C. Lucas,Wrexham,Leave,57,For,For,For,For,Against,Against,Against,Against
Lab,Holly Lynch,Halifax,Leave,59,For,For,For,For,Abstain,Against,Against,Abstain
Lab,Steve McCabe,Birmingham - Selly Oak,Remain,53,For,For,For,For,Abstain,Against,Against,Abstain
SF,Elisha McCallion,Foyle,None,None,Abstain,Abstain,Abstain,Abstain,Abstain,Abstain,Abstain,Abstain
Lab,Kerry McCarthy,Bristol East,Remain,53,For,For,For,Against,For,Against,Against,Against
Lab,Siobhain McDonagh,Mitcham and Morden,Remain,55,Against,For,Against,Against,For,Against,Against,Against
Lab,Andy McDonald,Middlesbrough,Leave,66,For,For,For,For,Abstain,Against,Abstain,Abstain
SNP,Stewart Malcolm McDonald,Glasgow South,Remain,72,Abstain,For,Abstain,Abstain,For,Against,Against,Against
SNP,Stuart C. McDonald,Cumbernauld - Kilsyth and Kirkint...,Remain,62,Abstain,For,Abstain,Abstain,For,Against,Against,Against
Lab,John McDonnell,Hayes and Harlington,Leave,59,For,For,For,For,Abstain,Against,Against,Abstain
Lab,Pat McFadden,Wolverhampton South East,Leave,68,For,For,For,Abstain,Abstain,Against,Against,Against
Lab,Conor McGinn,St Helens North,Leave,58,For,For,For,For,Abstain,Against,Against,Abstain
Lab,Alison McGovern,Wirral South,Remain,53,For,For,For,Abstain,Abstain,Against,Against,Against
Lab,Liz McInnes,Heywood and Middleton,Leave,62,For,Abstain,For,For,Abstain,Against,Against,Abstain
Con,Craig Mackinlay,South Thanet,Leave,62,Against,Against,Against,Against,Against,For,For,Against
Lab,Catherine McKinnell,Newcastle upon Tyne North,Leave,57,For,For,For,Abstain,For,Against,Against,Against
Con,Rachel Maclean,Redditch,Leave,61,Against,Against,Against,Against,Against,For,For,Against
Con,Sir Patrick McLoughlin,Derbyshire Dales,Leave,51,Against,Against,Against,Against,Against,Against,Against,Against
Lab,Jim McMahon,Oldham West and Royton,Leave,61,For,Abstain,For,For,Abstain,Against,Against,Abstain
Lab,Anna McMorrin,Cardiff North,Remain,61,Against,For,For,Against,For,Against,Against,Against
SNP,John McNally,Falkirk,Remain,58,Abstain,Abstain,Abstain,Abstain,Abstain,Abstain,Abstain,Abstain
SNP,Angus Brendan MacNeil,Na h-Eileanan an Iar,Remain,56,Abstain,Abstain,Abstain,Abstain,For,Against,Against,Against
Con,Stephen McPartland,Stevenage,Leave,57,Against,Against,Against,Against,Against,For,For,Against
Con,Esther McVey,Tatton,Remain,54,Against,Against,Against,Against,Against,For,For,Against
Lab,Justin Madders,Ellesmere Port and Neston,Leave,58,For,Against,For,For,Abstain,Against,Against,Against
Lab,Khalid Mahmood,Birmingham - Perry Barr,Leave,51,For,For,For,For,Abstain,Against,Against,Abstain
Lab,Shabana Mahmood,Birmingham - Ladywood,Remain,64,For,For,For,For,For,Against,Against,Against
Con,Anne Main,St Albans,Remain,62,Against,Against,Against,Against,Against,For,For,Against
Con,Alan Mak,Havant,Leave,62,Against,Against,Against,Against,Against,For,For,Against
Lab,Seema Malhotra,Feltham and Heston,Leave,56,For,For,For,For,Abstain,Against,Against,Against
Con,Kit Malthouse,North West Hampshire,Leave,55,Against,Against,Against,Against,Against,For,For,Against
Lab,John Mann,Bassetlaw,Leave,68,Against,Against,For,Against,Against,Against,Against,Against
Con,Scott Mann,North Cornwall,Leave,60,Against,Against,Against,Against,Against,For,For,For
Lab,Gordon Marsden,Blackpool South,Leave,68,For,For,For,For,Against,Against,Against,Against
Lab,Sandy Martin,Ipswich,Leave,57,For,For,For,For,For,Against,Against,Against
Lab,Rachael Maskell,York Central,Remain,61,For,For,For,Against,For,Against,Against,Against
SF,Paul Maskey,Belfast West,None,None,Abstain,Abstain,Abstain,Abstain,Abstain,Abstain,Abstain,Abstain
Con,Paul Masterton,East Renfrewshire,Remain,74,For,Against,Against,For,Abstain,Against,Against,For
Lab,Christian Matheson,City of Chester,Remain,57,For,For,For,Against,For,Against,Against,Against
Con,Theresa May,Maidenhead,Remain,55,Abstain,Abstain,Abstain,Abstain,Abstain,Abstain,Abstain,Abstain
Con,Paul Maynard,Blackpool North and Cleveleys,Leave,67,Against,Against,Against,Against,Against,For,For,Against
Lab,Ian Mearns,Gateshead,Leave,56,For,Abstain,For,For,Abstain,Against,Against,Abstain
Con,Mark Menzies,Fylde,Leave,57,Against,Against,Against,Against,Against,For,Against,Against
Con,Johnny Mercer,Plymouth - Moor View,Leave,66,Against,Against,Against,Against,Against,For,Against,Against
Con,Huw Merriman,Bexhill and Battle,Leave,58,Against,For,Against,Against,Against,For,Against,Against
Con,Stephen Metcalfe,South Basildon and East Thurrock,Leave,73,Against,Against,Against,Against,Against,For,For,Against
Lab,Edward Miliband,Doncaster North,Leave,72,For,For,For,For,Abstain,Against,Against,Abstain
Con,Maria Miller,Basingstoke,Leave,54,Against,Against,Against,Against,Against,For,For,Against
Con,Amanda Milling,Cannock Chase,Leave,69,Against,Against,Against,Against,Against,For,Abstain,Against
Con,Nigel Mills,Amber Valley,Leave,65,Against,Against,Against,Against,Against,For,For,Against
Con,Anne Milton,Guildford,Remain,59,For,Abstain,Against,Abstain,Abstain,Against,Against,Abstain
Con,Andrew Mitchell,Sutton Coldfield,Leave,52,For,Against,Against,Abstain,Against,For,For,Abstain
SF,Francie Molloy,Mid Ulster,None,None,Abstain,Abstain,Abstain,Abstain,Abstain,Abstain,Abstain,Abstain
SNP,Carol Monaghan,Glasgow North West,Remain,69,Abstain,For,Abstain,Abstain,For,Against,Against,Against
Lab,Madeleine Moon,Bridgend,Remain,50,For,For,For,Against,For,Against,Against,Against
Con,Damien Moore,Southport,Remain,54,Against,Against,Against,Against,Against,Against,Against,Against
LD,Layla Moran,Oxford West and Abingdon,Remain,62,Abstain,For,Abstain,Abstain,For,Against,Against,Abstain
Con,Penny Mordaunt,Portsmouth North,Leave,64,Abstain,Abstain,Abstain,Abstain,Abstain,Abstain,Abstain,Abstain
Lab,Jessica Morden,Newport East,Leave,60,For,For,For,Abstain,Abstain,Against,Against,Abstain
Con,Nicky Morgan,Loughborough,Remain,50,For,Against,Against,For,Against,Against,Against,For
Lab,Stephen Morgan,Portsmouth South,Leave,52,For,For,For,Against,For,Against,Against,Against
Con,Anne Marie Morris,Newton Abbot,Leave,56,Against,Against,Against,Against,Against,For,Against,Against
Con,David Morris,Morecambe and Lunesdale,Leave,59,Against,Against,Against,Against,Against,Against,Against,Against
Lab,Grahame Morris,Easington,Leave,67,Against,Against,For,Against,Against,Against,Against,Against
Con,James Morris,Halesowen and Rowley Regis,Leave,66,Against,Against,Against,Against,Against,For,Against,Against
Con,Wendy Morton,Aldridge-Brownhills,Leave,68,Against,Against,Against,Against,Against,For,Against,Against
Con,David Mundell,Dumfriesshire - Clydesdale and Tw...,Remain,56,Abstain,Abstain,Abstain,Abstain,Abstain,Abstain,Abstain,Abstain
Lab,Ian Murray,Edinburgh South,Remain,78,For,For,Abstain,For,For,Against,Against,Against
Con,Sheryll Murray,South East Cornwall,Leave,55,Against,Against,Against,Against,Against,For,For,Against
Con,Andrew Murrison,South West Wiltshire,Leave,58,Against,Against,Against,Against,Against,For,Abstain,Abstain
Lab,Lisa Nandy,Wigan,Leave,63,For,Abstain,For,For,For,Against,Abstain,Abstain
Con,Robert Neill,Bromley and Chislehurst,Remain,50,For,Against,Against,For,Against,Against,Against,For
SNP,Gavin Newlands,Paisley and Renfrewshire North,Remain,64,Abstain,For,Abstain,Abstain,For,Against,Against,Against
Con,Sarah Newton,Truro and Falmouth,Remain,54,For,Abstain,Against,Abstain,Abstain,Against,Against,For
Con,Caroline Nokes,Romsey and Southampton North,Remain,54,Abstain,Abstain,Abstain,Abstain,Abstain,Abstain,Abstain,Abstain
Con,Jesse Norman,Hereford and South Herefordshire,Leave,60,Against,Against,Against,Against,Against,Against,Against,Against
Lab,Alex Norris,Nottingham North,Leave,64,For,For,For,For,Abstain,Against,Against,Abstain
Con,Neil O'Brien,Harborough,Leave,52,Against,Against,Against,Against,Against,For,Abstain,Against
Con,Matthew Offord,Hendon,Remain,58,Against,Against,Against,Against,Against,For,For,Against
SNP,Brendan O'Hara,Argyll and Bute,Remain,61,Abstain,For,Abstain,Abstain,For,Against,Against,Against
Ind,Jared O'Mara,Sheffield - Hallam,Remain,64,Abstain,Abstain,Abstain,Abstain,Abstain,Abstain,Abstain,Abstain
Ind,Fiona Onasanya,Peterborough,Leave,61,Against,For,Abstain,For,Abstain,Against,Against,Against
Lab,Melanie Onn,Great Grimsby,Leave,71,For,Against,For,For,Abstain,Against,Abstain,Abstain
Lab,Chi Onwurah,Newcastle upon Tyne Central,Remain,52,For,For,For,For,For,Against,Against,Against
Con,Guy Opperman,Hexham,Remain,55,Against,Against,Against,Against,Against,Against,Against,Against
Lab,Kate Osamor,Edmonton,Remain,54,For,For,For,Against,For,Against,Against,Against
Lab,Albert Owen,Ynys Môn,Leave,51,For,For,For,For,For,Against,Against,Abstain
DUP,Ian Paisley,North Antrim,None,None,Against,Against,Against,Abstain,Against,Abstain,For,Abstain
Con,Neil Parish,Tiverton and Honiton,Leave,58,Against,Against,Against,Abstain,Against,For,For,For
Con,Priti Patel,Witham,Leave,61,Against,Against,Against,Against,Against,For,For,Against
Con,Owen Paterson,North Shropshire,Leave,59,Against,Against,Against,Against,Against,For,For,Against
Con,Mark Pawsey,Rugby,Leave,58,For,Against,Against,For,Against,Against,Against,For
Lab,Stephanie Peacock,Barnsley East,Leave,71,For,Against,For,For,Abstain,Against,Against,Abstain
Lab,Teresa Pearce,Erith and Thamesmead,Leave,54,For,For,For,Abstain,Abstain,Against,Against,Abstain
Con,Sir Mike Penning,Hemel Hempstead,Leave,55,Against,Against,Against,Against,Against,For,Against,Against
Lab,Matthew Pennycook,Greenwich and Woolwich,Remain,64,For,For,For,For,For,Against,Against,Against
Con,John Penrose,Weston-super-Mare,None,None,Against,Against,Against,For,Against,For,For,For
Con,Andrew Percy,Brigg and Goole,Leave,66,Against,Against,Against,For,Against,For,For,For
Lab,Toby Perkins,Chesterfield,Leave,59,For,For,For,For,Against,Against,Against,Against
Con,Claire Perry,Devizes,Leave,51,Abstain,Abstain,Abstain,Abstain,Abstain,Abstain,Abstain,Abstain
Lab,Jess Phillips,Birmingham - Yardley,Leave,60,For,For,For,For,For,Against,Against,Against
Lab,Bridget Phillipson,Houghton and Sunderland South,Leave,62,For,For,For,Abstain,Abstain,Against,Against,Against
Con,Chris Philp,Croydon South,Remain,54,Against,Against,Against,Against,Against,Abstain,For,Against
Lab,Laura Pidcock,North West Durham,Leave,55,For,For,For,For,Abstain,Against,Against,Abstain
Con,Christopher Pincher,Tamworth,Leave,66,Against,Against,Against,Against,Against,For,For,Against
Lab,Jo Platt,Leigh,Leave,63,For,Abstain,For,For,Abstain,Against,Against,Abstain
Lab,Luke Pollard,Plymouth - Sutton and Devonport,Leave,54,For,For,For,For,For,Against,Against,Against
Con,Dan Poulter,Central Suffolk and North Ipswich,Leave,54,Against,Against,Against,Against,Against,For,Against,For
Lab,Stephen Pound,Ealing North,Remain,54,For,For,For,For,Abstain,Against,Against,Abstain
Con,Rebecca Pow,Taunton Deane,Leave,53,Against,Against,Against,Abstain,Against,Against,Against,For
Lab,Lucy Powell,Manchester Central,Remain,63,For,For,For,For,Abstain,Against,Against,Abstain
Con,Victoria Prentis,Banbury,Leave,51,Against,Against,Against,Abstain,Against,Against,Against,For
Con,Mark Prisk,Hertford and Stortford,Remain,51,Against,Against,Against,Against,Against,Against,Against,For
Con,Mark Pritchard,The Wrekin,Leave,58,Against,Against,Against,Against,Against,For,Against,Against
Con,Tom Pursglove,Corby,Leave,60,Against,Against,Against,Against,Against,For,For,Against
Con,Jeremy Quin,Horsham,Remain,51,Against,Against,Against,Against,Against,Against,Against,Against
Con,Will Quince,Colchester,Leave,51,Against,Against,Against,Against,Against,For,For,Against
Lab,Yasmin Qureshi,Bolton South East,Leave,63,For,For,For,For,Abstain,Against,Against,Abstain
Con,Dominic Raab,Esher and Walton,Remain,58,Against,Against,Against,Against,Against,For,For,Against
Lab,Faisal Rashid,Warrington South,Leave,51,For,For,For,For,For,Against,Against,Abstain
Lab,Angela Rayner,Ashton-under-Lyne,Leave,62,For,For,For,For,Abstain,Against,Against,Abstain
Con,John Redwood,Wokingham,Remain,58,Against,Against,Against,Against,Against,For,Against,Against
Lab,Steve Reed,Croydon North,Remain,59,For,For,For,For,For,Against,Against,Abstain
Lab,Christina Rees,Neath,Leave,54,For,For,For,For,Abstain,Against,Against,Abstain
Con,Jacob Rees-Mogg,North East Somerset,Leave,52,Against,Against,Against,Against,Against,For,For,Against
Lab,Ellie Reeves,Lewisham West and Penge,Remain,66,For,For,For,Abstain,For,Against,Against,Against
Lab,Rachel Reeves,Leeds West,Leave,55,For,For,For,For,For,Against,Against,Against
Lab,Emma Reynolds,Wolverhampton North East,Leave,68,For,For,For,For,Abstain,Against,Against,Against
Lab,Jonathan Reynolds,Stalybridge and Hyde,Leave,59,For,For,For,For,Abstain,Against,Against,Abstain
Lab,Marie Rimmer,St Helens South and Whiston,Leave,56,For,For,For,For,For,Against,Against,Against
Con,Laurence Robertson,Tewkesbury,Leave,54,Against,Against,Against,Against,Against,For,For,Against
DUP,Gavin Robinson,Belfast East,None,None,Against,Against,Against,Abstain,Against,Abstain,For,Abstain
Lab,Geoffrey Robinson,Coventry North West,Leave,59,For,For,For,For,Against,Against,Against,Abstain
Con,Mary Robinson,Cheadle,Remain,57,Against,Against,Against,Against,Against,Against,Against,Against
Lab,Matt Rodda,Reading East,Remain,62,For,For,For,For,For,Against,Against,Abstain
Con,Andrew Rosindell,Romford,Leave,69,Against,Against,Against,Against,Against,For,For,Against
Con,Douglas Ross,Moray,Remain,50,Against,Against,Against,Against,Against,Abstain,Abstain,Against
Lab,Danielle Rowley,Midlothian,Remain,62,For,For,For,For,For,Against,Against,Abstain
Con,Lee Rowley,North East Derbyshire,Leave,62,Against,Against,Against,Against,Against,For,For,Against
Lab,Chris Ruane,Vale of Clwyd,Leave,56,For,For,For,For,Abstain,Against,Against,Against
Con,Amber Rudd,Hastings and Rye,Leave,56,Abstain,Abstain,Abstain,Abstain,Abstain,Abstain,Abstain,Abstain
Lab,Lloyd Russell-Moyle,Brighton - Kemptown,Remain,57,For,For,For,Against,For,Against,Against,Against
Con,David Rutley,Macclesfield,Remain,52,Abstain,Abstain,Abstain,Abstain,Abstain,Abstain,Abstain,Abstain
TIG,Joan Ryan,Enfield North,Remain,51,Abstain,For,Against,Against,For,Against,Against,Against
Con,Antoinette Sandbach,Eddisbury,Leave,52,For,For,Against,For,Abstain,Against,Against,For
PC,Liz Saville Roberts,Dwyfor Meirionnydd,Remain,52,Abstain,For,Abstain,For,For,Against,Against,Abstain
Con,Paul Scully,Sutton and Cheam,Leave,51,Against,Against,Against,Against,Against,For,For,Against
Con,Bob Seely,Isle of Wight,Leave,62,Against,Against,Against,Against,Against,For,Against,Against
Con,Andrew Selous,South West Bedfordshire,Leave,59,Against,Against,Against,Against,Against,Abstain,Abstain,Against
Lab,Naz Shah,Bradford West,Remain,53,For,For,For,For,Abstain,Against,Against,Abstain
DUP,Jim Shannon,Strangford,None,None,Against,Against,Against,Abstain,Against,Against,For,Abstain
Con,Grant Shapps,Welwyn Hatfield,Leave,53,Against,Against,Against,Against,Against,For,For,Against
Con,Alok Sharma,Reading West,Leave,53,Against,Against,Against,Against,Against,Against,Against,Against
Lab,Virendra Sharma,Ealing - Southall,Remain,58,For,For,For,For,For,Against,Against,Against
Lab,Barry Sheerman,Huddersfield,Leave,51,For,For,For,Abstain,For,Against,Against,Against
Con,Alec Shelbrooke,Elmet and Rothwell,Leave,56,Abstain,Abstain,Abstain,Abstain,Abstain,Abstain,Abstain,Abstain
SNP,Tommy Sheppard,Edinburgh East,Remain,72,Abstain,For,Abstain,Abstain,For,Against,Against,Against
Lab,Paula Sherriff,Dewsbury,Leave,57,For,Abstain,For,For,Abstain,Against,Against,Abstain
TIG,Gavin Shuker,Luton South,Leave,55,Against,For,Against,Against,For,Against,Against,Against
Lab,Tulip Siddiq,Hampstead and Kilburn,Remain,77,For,For,For,Against,For,Against,Against,Against
DUP,David Simpson,Upper Bann,None,None,Against,Against,Against,Abstain,Against,Abstain,For,Abstain
Con,Keith Simpson,Broadland,Leave,54,Against,Against,Against,Against,Against,Against,Against,Against
Con,Chris Skidmore,Kingswood,Leave,57,Against,Against,Against,Against,Against,Against,Against,Against
Lab,Dennis Skinner,Bolsover,Leave,70,Against,Against,For,Against,Against,For,Against,For
Lab,Andy Slaughter,Hammersmith,Remain,69,For,For,For,Abstain,For,Against,Against,Against
Lab,Ruth Smeeth,Stoke-on-Trent North,Leave,72,For,Against,For,Against,Against,Against,Against,Against
TIG,Angela Smith,Penistone and Stocksbridge,Leave,61,Against,For,Against,Against,For,Against,Against,Against
Lab,Cat Smith,Lancaster and Fleetwood,Leave,51,For,For,For,For,Abstain,Against,Against,Abstain
Con,Chloe Smith,Norwich North,Leave,57,Against,Against,Against,Against,Against,Abstain,Abstain,Against
Lab,Eleanor Smith,Wolverhampton South West,Leave,54,For,For,For,For,Abstain,Against,Against,Abstain
Con,Henry Smith,Crawley,Leave,58,Against,Against,Against,Against,Against,For,For,Against
Lab,Jeff Smith,Manchester - Withington,Remain,74,For,For,For,For,For,Against,Against,Against
Con,Julian Smith,Skipton and Ripon,Leave,53,Abstain,Abstain,Abstain,Abstain,Abstain,Abstain,Abstain,Abstain
Lab,Laura Smith,Crewe and Nantwich,Leave,59,For,Against,For,Against,Abstain,Against,Against,Against
Lab,Nick Smith,Blaenau Gwent,Leave,62,For,For,For,Abstain,Abstain,Against,Against,Abstain
Lab,Owen Smith,Pontypridd,Remain,54,Abstain,For,Abstain,Against,For,Against,Against,Against
Con,Royston Smith,Southampton - Itchen,Leave,60,Against,Against,Against,Against,Against,For,For,Against
Lab,Karin Smyth,Bristol South,Remain,52,For,For,For,For,For,Against,Against,Against
Lab,Gareth Snell,Stoke-on-Trent Central,Leave,65,For,Against,For,Against,Against,Against,Against,Against
Con,Sir Nicholas Soames,Mid Sussex,Remain,53,For,Against,Against,For,Against,Against,Against,Against
Lab,Alex Sobel,Leeds North West,Remain,65,For,For,For,For,For,Against,Against,Against
TIG,Anna Soubry,Broxtowe,Leave,52,Against,For,Against,Against,For,Against,Against,Against
Lab,John Spellar,Warley,Leave,62,For,Against,For,Against,Against,Against,Against,Against
Con,Dame Caroline Spelman,Meriden,Leave,59,For,Against,Against,For,Against,Against,Against,For
Con,Mark Spencer,Sherwood,Leave,64,Against,Against,Against,Against,Against,For,Abstain,Against
Lab,Keir Starmer,Holborn and St Pancras,Remain,73,For,For,For,For,Abstain,Against,Against,Abstain
SNP,Chris Stephens,Glasgow South West,Remain,59,Abstain,For,Abstain,Abstain,For,Against,Against,Against
Con,Andrew Stephenson,Pendle,Leave,63,Against,Against,Against,Against,Against,For,For,Against
Lab,Jo Stevens,Cardiff Central,Remain,70,Abstain,For,Abstain,Against,For,Against,Against,Against
Con,John Stevenson,Carlisle,Leave,60,Against,Against,Against,For,Against,Abstain,Against,For
Con,Bob Stewart,Beckenham,Remain,52,Against,Against,Against,Against,Against,For,For,Against
Con,Iain Stewart,Milton Keynes South,Leave,53,Against,Against,Against,Against,Against,For,For,Against
Con,Rory Stewart,Penrith and The Border,Leave,55,For,Against,Against,Abstain,Against,Against,Against,Abstain
LD,Jamie Stone,Caithness - Sutherland and Easter...,Remain,51,Abstain,For,Abstain,Abstain,For,Against,Against,Abstain
Con,Sir Gary Streeter,South West Devon,Leave,55,Against,Against,Against,Against,Against,Against,Against,For
Lab,Wes Streeting,Ilford North,Leave,53,For,For,For,Abstain,For,Against,Against,Against
Con,Mel Stride,Central Devon,Leave,51,Against,Against,Against,Against,Against,Against,Against,Against
Lab,Graham Stringer,Blackley and Broughton,Leave,51,Against,Against,Abstain,Against,Against,Abstain,For,Against
Con,Graham Stuart,Beverley and Holderness,Leave,59,Against,Against,Against,Against,Against,For,For,Against
Con,Julian Sturdy,York Outer,Remain,55,Against,Against,Against,Against,Against,Abstain,For,For
Con,Rishi Sunak,Richmond (Yorks),Leave,55,Against,Against,Against,Against,Against,For,For,Against
Con,Sir Desmond Swayne,New Forest West,Leave,56,Against,Against,Against,Against,Against,For,For,Against
Lab,Paul Sweeney,Glasgow North East,Remain,59,For,For,For,For,For,Against,Against,Abstain
LD,Jo Swinson,East Dunbartonshire,Remain,73,Abstain,For,Abstain,Abstain,For,Against,Against,Abstain
Con,Sir Hugo Swire,East Devon,Leave,50,Against,Against,Against,Against,Against,Against,Abstain,Against
Con,Sir Robert Syms,Poole,Leave,57,Against,Against,Against,Against,Against,For,Against,Against
Lab,Mark Tami,Alyn and Deeside,Leave,58,For,For,For,Abstain,Abstain,Against,Against,Abstain
SNP,Alison Thewliss,Glasgow Central,Remain,71,Abstain,For,Abstain,Abstain,For,Against,Against,Against
Con,Derek Thomas,St Ives,Leave,55,Against,Against,Against,Against,Against,For,For,For
Lab,Gareth Thomas,Harrow West,Remain,55,For,For,For,For,For,Against,Against,Against
Lab,Nick Thomas-Symonds,Torfaen,Leave,61,For,For,For,Abstain,Abstain,Against,Against,Abstain
Con,Ross Thomson,Aberdeen South,Remain,68,Against,Against,Against,Against,Against,For,For,Against
Lab,Emily Thornberry,Islington South and Finsbury,Remain,72,For,For,For,For,Abstain,Against,Against,Abstain
Con,Maggie Throup,Erewash,Leave,63,Against,Against,Against,Against,Against,For,Against,Against
Lab,Stephen Timms,East Ham,Remain,53,For,For,For,For,For,Against,Against,Abstain
Con,Kelly Tolhurst,Rochester and Strood,Leave,64,Against,Against,Against,Against,Against,For,Against,Against
Con,Justin Tomlinson,North Swindon,Leave,57,Against,Against,Against,Against,Against,For,For,Against
Con,Michael Tomlinson,Mid Dorset and North Poole,Leave,58,Against,Against,Against,Against,Against,For,For,Against
Con,Craig Tracey,North Warwickshire,Leave,68,Against,Against,Against,Against,Against,For,Against,Against
Con,David Tredinnick,Bosworth,Leave,61,Against,Against,Against,For,Against,Against,Against,For
Con,Anne-Marie Trevelyan,Berwick-upon-Tweed,Leave,56,Against,Against,Against,Against,Against,For,For,Against
Lab,Jon Trickett,Hemsworth,Leave,68,For,Abstain,For,For,Abstain,Against,Against,Abstain
Con,Elizabeth Truss,South West Norfolk,Leave,66,Abstain,Abstain,Abstain,Abstain,Abstain,Abstain,Abstain,Abstain
Con,Tom Tugendhat,Tonbridge and Malling,Leave,53,Abstain,Against,Abstain,Abstain,Against,Abstain,Abstain,Abstain
Lab,Anna Turley,Redcar,Leave,68,For,For,For,Abstain,For,Against,Against,Against
Lab,Karl Turner,Kingston upon Hull East,Leave,73,For,For,For,For,Abstain,Abstain,Abstain,Abstain
Lab,Derek Twigg,Halton,Leave,58,For,Against,For,Against,Against,Against,Against,Against
Lab,Stephen Twigg,Liverpool - West Derby,Leave,50,For,For,For,For,For,Against,Against,Abstain
Lab,Liz Twist,Blaydon,Leave,56,For,For,For,For,Abstain,Against,Against,Abstain
TIG,Chuka Umunna,Streatham,Remain,79,Against,For,Against,Against,For,Against,Against,Against
Con,Edward Vaizey,Wantage,Remain,54,For,Abstain,Against,For,Abstain,Against,Against,For
Con,Shailesh Vara,North West Cambridgeshire,Leave,57,Against,Against,Against,Against,Against,For,For,Against
Lab,Keith Vaz,Leicester East,Leave,53,For,For,For,For,For,Against,Against,Abstain
Lab,Valerie Vaz,Walsall South,Leave,62,For,For,For,For,Abstain,Against,Against,Abstain
Con,Martin Vickers,Cleethorpes,Leave,68,Against,Against,Against,Against,Against,For,Against,Against
Con,Theresa Villiers,Chipping Barnet,Remain,59,Against,Against,Against,Against,Against,Abstain,For,Against
Con,Charles Walker,Broxbourne,Leave,66,Against,Against,Against,Against,Against,Against,Against,Against
Con,Robin Walker,Worcester,Leave,54,Abstain,Against,Against,Against,Against,Against,Against,Against
Lab,Thelma Walker,Colne Valley,Remain,50,For,For,For,Against,For,Against,Against,Against
Con,Ben Wallace,Wyre and Preston North,Leave,54,Against,Against,Against,Against,Against,For,Against,For
Con,David Warburton,Somerton and Frome,Leave,51,Against,Against,Against,Against,Against,For,For,For
Con,Matt Warman,Boston and Skegness,Leave,75,Against,Against,Against,Against,Against,For,Against,Against
Con,Giles Watling,Clacton,Leave,71,Against,Against,Against,Against,Against,For,For,Against
Lab,Tom Watson,West Bromwich East,Leave,68,For,For,For,For,Abstain,Against,Against,Abstain
Lab,Catherine West,Hornsey and Wood Green,Remain,75,For,For,For,Abstain,For,Against,Against,Against
Lab,Matt Western,Warwick and Leamington,Remain,59,For,For,For,For,For,Against,Against,Against
Con,Helen Whately,Faversham and Mid Kent,Leave,58,Against,Against,Against,Against,Against,For,For,Against
Con,Heather Wheeler,South Derbyshire,Leave,60,Against,Against,Against,Against,Against,For,For,Against
Lab,Alan Whitehead,Southampton - Test,Leave,51,For,For,For,For,For,Against,Against,Against
Lab,Martin Whitfield,East Lothian,Remain,65,For,For,For,Abstain,For,Against,Against,Abstain
SNP,Philippa Whitford,Central Ayrshire,Remain,57,Abstain,For,Abstain,Abstain,For,Against,Against,Against
Con,Craig Whittaker,Calder Valley,Leave,53,Against,Against,Against,Against,Against,For,Against,Against
Con,John Whittingdale,Maldon,Leave,61,Against,Against,Against,Against,Against,For,For,Against
Con,Bill Wiggin,North Herefordshire,Leave,58,Against,Against,Against,Against,Against,For,For,Against
PC,Hywel Williams,Arfon,Remain,65,Abstain,For,Abstain,For,For,Against,Against,Abstain
Lab,Paul Williams,Stockton South,Leave,58,Against,For,For,Against,For,Against,Against,Against
Ind,Chris Williamson,Derby North,Leave,54,For,Against,For,Against,Against,Abstain,Against,Abstain
Con,Gavin Williamson,South Staffordshire,Leave,65,Abstain,Abstain,Abstain,Abstain,Abstain,Abstain,Abstain,Abstain
Lab,Phil Wilson,Sedgefield,Leave,59,For,For,For,For,Abstain,Against,Against,Abstain
DUP,Sammy Wilson,East Antrim,None,None,Against,Against,Against,Abstain,Against,Abstain,For,Abstain
Lab,Dame Rosie Winterton,Doncaster Central,Leave,66,Abstain,Abstain,Abstain,Abstain,Abstain,Abstain,Abstain,Abstain
SNP,Pete Wishart,Perth and North Perthshire,Remain,60,Abstain,Abstain,Abstain,Abstain,For,Against,Against,Against
TIG,Sarah Wollaston,Totnes,Leave,54,Against,For,Against,Against,For,Against,Against,Against
Con,Mike Wood,Dudley South,Leave,70,Against,Against,Against,Against,Against,For,Abstain,Against
Ind,John Woodcock,Barrow and Furness,Leave,57,Abstain,For,Against,Abstain,For,Against,Against,Against
Con,William Wragg,Hazel Grove,Leave,52,Against,Against,Against,Against,Against,For,For,Against
Con,Jeremy Wright,Kenilworth and Southam,Remain,53,Abstain,Abstain,Abstain,Abstain,Abstain,Abstain,Abstain,Abstain
Lab,Mohammad Yasin,Bedford,Leave,52,For,For,For,For,For,Against,Against,Against
Con,Nadhim Zahawi,Stratford-on-Avon,Leave,51,Against,Against,Against,Abstain,Against,Abstain,Abstain,Abstain
Lab,Daniel Zeichner,Cambridge,Remain,74,Abstain,For,Abstain,Against,For,Against,Against,Against
